current, inductance
1.00,	-0.50
1.27,	-0.50
1.55,	-0.50
1.82,	-0.50
2.09,	-0.50
2.36,	-0.50
2.64,	-0.50
2.91,	-0.50
3.18,	-0.50
3.45,	-0.50
3.73,	-0.50
4.00,	-0.50
4.27,	-0.50
4.54,	-0.50
4.82,	-0.50
5.09,	-0.50
5.36,	-0.50
5.63,	-0.50
5.91,	-0.50
6.18,	-0.50
6.45,	-0.50
6.73,	-0.50
7.00,	-0.50
7.27,	-0.50
7.54,	-0.50
7.82,	-0.50
8.09,	-0.50
8.36,	-0.50
8.63,	-0.50
8.91,	-0.50
9.18,	-0.50
9.45,	-0.50
9.72,	-0.50
10.00,	-0.50
10.27,	-0.50
10.54,	-0.50
10.81,	-0.50
11.09,	-0.50
11.36,	-0.50
11.63,	-0.50
11.91,	-0.50
12.18,	-0.50
12.45,	-0.50
12.72,	-0.50
13.00,	-0.50
13.27,	-0.50
13.54,	-0.50
13.81,	-0.50
14.09,	-0.50
14.36,	-0.50
14.63,	-0.50
14.90,	-0.50
15.18,	-0.50
15.45,	-0.50
15.72,	-0.50
15.99,	-0.50
16.27,	-0.50
16.54,	-0.50
16.81,	-0.50
17.09,	-0.50
17.36,	-0.50
17.63,	-0.50
17.90,	-0.50
18.18,	-0.50
18.45,	-0.50
18.72,	-0.50
18.99,	-0.50
19.27,	-0.50
19.54,	-0.50
19.81,	-0.50
20.08,	-0.50
20.36,	-0.50
20.63,	-0.50
20.90,	-0.50
21.18,	-0.50
21.45,	-0.50
21.72,	-0.50
21.99,	-0.50
22.27,	-0.50
22.54,	-0.50
22.81,	-0.50
23.08,	-0.50
23.36,	-0.50
23.63,	-0.50
23.90,	-0.51
24.17,	-0.51
24.45,	-0.51
24.72,	-0.51
24.99,	-0.52
25.26,	-0.52
25.54,	-0.52
25.81,	-0.53
26.08,	-0.53
26.36,	-0.54
26.63,	-0.54
26.90,	-0.55
27.17,	-0.56
27.45,	-0.56
27.72,	-0.57
27.99,	-0.58
28.26,	-0.59
28.54,	-0.60
28.81,	-0.61
29.08,	-0.62
29.35,	-0.63
29.63,	-0.64
29.90,	-0.65
30.17,	-0.67
30.44,	-0.68
30.72,	-0.70
30.99,	-0.71
31.26,	-0.73
31.54,	-0.74
31.81,	-0.76
32.08,	-0.78
32.35,	-0.80
32.63,	-0.82
32.90,	-0.84
33.17,	-0.86
33.44,	-0.88
33.72,	-0.90
33.99,	-0.93
34.26,	-0.95
34.53,	-0.98
34.81,	-1.00
35.08,	-1.03
35.35,	-1.06
35.62,	-1.08
35.90,	-1.11
36.17,	-1.14
36.44,	-1.17
36.72,	-1.21
36.99,	-1.24
37.26,	-1.27
37.53,	-1.31
37.81,	-1.34
38.08,	-1.38
38.35,	-1.41
38.62,	-1.45
38.90,	-1.49
39.17,	-1.53
39.44,	-1.57
39.71,	-1.61
39.99,	-1.66
40.26,	-1.70
40.53,	-1.75
40.80,	-1.79
41.08,	-1.84
41.35,	-1.89
41.62,	-1.94
41.90,	-1.99
42.17,	-2.04
42.44,	-2.09
42.71,	-2.15
42.99,	-2.20
43.26,	-2.26
43.53,	-2.32
43.80,	-2.38
44.08,	-2.44
44.35,	-2.50
44.62,	-2.57
44.89,	-2.63
45.17,	-2.70
45.44,	-2.77
45.71,	-2.84
45.98,	-2.91
46.26,	-2.99
46.53,	-3.06
46.80,	-3.14
47.08,	-3.22
47.35,	-3.30
47.62,	-3.38
47.89,	-3.46
48.17,	-3.55
48.44,	-3.64
48.71,	-3.73
48.98,	-3.82
49.26,	-3.91
49.53,	-4.01
49.80,	-4.11
50.07,	-4.20
50.35,	-4.31
50.62,	-4.41
50.89,	-4.51
51.17,	-4.62
51.44,	-4.72
51.71,	-4.83
51.98,	-4.94
52.26,	-5.06
52.53,	-5.17
52.80,	-5.28
53.07,	-5.40
53.35,	-5.52
53.62,	-5.64
53.89,	-5.76
54.16,	-5.88
54.44,	-6.00
54.71,	-6.13
54.98,	-6.25
55.25,	-6.38
55.53,	-6.51
55.80,	-6.64
56.07,	-6.76
56.35,	-6.90
56.62,	-7.03
56.89,	-7.16
57.16,	-7.29
57.44,	-7.43
57.71,	-7.56
57.98,	-7.70
58.25,	-7.84
58.53,	-7.97
58.80,	-8.11
59.07,	-8.25
59.34,	-8.39
59.62,	-8.53
59.89,	-8.67
60.16,	-8.81
60.43,	-8.95
60.71,	-9.09
60.98,	-9.24
61.25,	-9.38
61.53,	-9.52
61.80,	-9.66
62.07,	-9.81
62.34,	-9.95
62.62,	-10.10
62.89,	-10.24
63.16,	-10.39
63.43,	-10.53
63.71,	-10.68
63.98,	-10.82
64.25,	-10.97
64.52,	-11.11
64.80,	-11.26
65.07,	-11.41
65.34,	-11.55
65.61,	-11.70
65.89,	-11.85
66.16,	-12.00
66.43,	-12.15
66.71,	-12.29
66.98,	-12.44
67.25,	-12.59
67.52,	-12.74
67.80,	-12.89
68.07,	-13.04
68.34,	-13.19
68.61,	-13.34
68.89,	-13.49
69.16,	-13.64
69.43,	-13.79
69.70,	-13.95
69.98,	-14.10
70.25,	-14.25
70.52,	-14.40
70.79,	-14.56
71.07,	-14.71
71.34,	-14.86
71.61,	-15.02
71.89,	-15.17
72.16,	-15.32
72.43,	-15.48
72.70,	-15.63
72.98,	-15.79
73.25,	-15.94
73.52,	-16.10
73.79,	-16.25
74.07,	-16.41
74.34,	-16.56
74.61,	-16.72
74.88,	-16.87
75.16,	-17.03
75.43,	-17.19
75.70,	-17.34
75.97,	-17.50
76.25,	-17.66
76.52,	-17.82
76.79,	-17.97
77.07,	-18.13
77.34,	-18.29
77.61,	-18.45
77.88,	-18.61
78.16,	-18.76
78.43,	-18.92
78.70,	-19.08
78.97,	-19.24
79.25,	-19.40
79.52,	-19.56
79.79,	-19.72
80.06,	-19.88
80.34,	-20.04
80.61,	-20.20
80.88,	-20.36
81.16,	-20.52
81.43,	-20.68
81.70,	-20.84
81.97,	-21.00
82.25,	-21.17
82.52,	-21.33
82.79,	-21.49
83.06,	-21.65
83.34,	-21.81
83.61,	-21.97
83.88,	-22.14
84.15,	-22.30
84.43,	-22.46
84.70,	-22.62
84.97,	-22.79
85.24,	-22.95
85.52,	-23.11
85.79,	-23.28
86.06,	-23.44
86.34,	-23.61
86.61,	-23.77
86.88,	-23.93
87.15,	-24.10
87.43,	-24.26
87.70,	-24.43
87.97,	-24.59
88.24,	-24.76
88.52,	-24.92
88.79,	-25.09
89.06,	-25.25
89.33,	-25.42
89.61,	-25.58
89.88,	-25.75
90.15,	-25.91
90.42,	-26.08
90.70,	-26.25
90.97,	-26.41
91.24,	-26.58
91.52,	-26.75
91.79,	-26.91
92.06,	-27.08
92.33,	-27.25
92.61,	-27.41
92.88,	-27.58
93.15,	-27.75
93.42,	-27.92
93.70,	-28.08
93.97,	-28.25
94.24,	-28.42
94.51,	-28.59
94.79,	-28.76
95.06,	-28.92
95.33,	-29.09
95.60,	-29.26
95.88,	-29.43
96.15,	-29.60
96.42,	-29.77
96.70,	-29.94
96.97,	-30.11
97.24,	-30.28
97.51,	-30.45
97.79,	-30.62
98.06,	-30.79
98.33,	-30.96
98.60,	-31.13
98.88,	-31.30
99.15,	-31.47
99.42,	-31.64
99.69,	-31.81
99.97,	-31.98
100.24,	-32.15
100.51,	-32.32
100.78,	-32.49
101.06,	-32.66
101.33,	-32.83
101.60,	-33.01
101.88,	-33.18
102.15,	-33.35
102.42,	-33.52
102.69,	-33.69
102.97,	-33.87
103.24,	-34.04
103.51,	-34.21
103.78,	-34.38
104.06,	-34.56
104.33,	-34.73
104.60,	-34.90
104.87,	-35.07
105.15,	-35.25
105.42,	-35.42
105.69,	-35.59
105.96,	-35.77
106.24,	-35.94
106.51,	-36.11
106.78,	-36.29
107.06,	-36.46
107.33,	-36.64
107.60,	-36.81
107.87,	-36.98
108.15,	-37.16
108.42,	-37.33
108.69,	-37.51
108.96,	-37.68
109.24,	-37.86
109.51,	-38.03
109.78,	-38.21
110.05,	-38.38
110.33,	-38.56
110.60,	-38.73
110.87,	-38.91
111.15,	-39.08
111.42,	-39.26
111.69,	-39.43
111.96,	-39.61
112.24,	-39.79
112.51,	-39.96
112.78,	-40.14
113.05,	-40.31
113.33,	-40.49
113.60,	-40.67
113.87,	-40.84
114.14,	-41.02
114.42,	-41.20
114.69,	-41.37
114.96,	-41.55
115.23,	-41.73
115.51,	-41.91
115.78,	-42.08
116.05,	-42.26
116.33,	-42.44
116.60,	-42.61
116.87,	-42.79
117.14,	-42.97
117.42,	-43.15
117.69,	-43.33
117.96,	-43.50
118.23,	-43.68
118.51,	-43.86
118.78,	-44.04
119.05,	-44.22
119.32,	-44.40
119.60,	-44.57
119.87,	-44.75
120.14,	-44.93
120.41,	-45.11
120.69,	-45.29
120.96,	-45.47
121.23,	-45.65
121.51,	-45.83
121.78,	-46.01
122.05,	-46.18
122.32,	-46.36
122.60,	-46.54
122.87,	-46.72
123.14,	-46.90
123.41,	-47.08
123.69,	-47.26
123.96,	-47.44
124.23,	-47.62
124.50,	-47.80
124.78,	-47.98
125.05,	-48.16
125.32,	-48.35
125.59,	-48.53
125.87,	-48.71
126.14,	-48.89
126.41,	-49.07
126.69,	-49.25
126.96,	-49.43
127.23,	-49.61
127.50,	-49.79
127.78,	-49.97
128.05,	-50.16
128.32,	-50.34
128.59,	-50.52
128.87,	-50.70
129.14,	-50.88
129.41,	-51.06
129.68,	-51.25
129.96,	-51.43
130.23,	-51.61
130.50,	-51.79
130.77,	-51.98
131.05,	-52.16
131.32,	-52.34
131.59,	-52.52
131.87,	-52.71
132.14,	-52.89
132.41,	-53.07
132.68,	-53.25
132.96,	-53.44
133.23,	-53.62
133.50,	-53.80
133.77,	-53.99
134.05,	-54.17
134.32,	-54.35
134.59,	-54.54
134.86,	-54.72
135.14,	-54.91
135.41,	-55.09
135.68,	-55.27
135.95,	-55.46
136.23,	-55.64
136.50,	-55.83
136.77,	-56.01
137.05,	-56.19
137.32,	-56.38
137.59,	-56.56
137.86,	-56.75
138.14,	-56.93
138.41,	-57.12
138.68,	-57.30
138.95,	-57.49
139.23,	-57.67
139.50,	-57.86
139.77,	-58.04
140.04,	-58.23
140.32,	-58.41
140.59,	-58.60
140.86,	-58.79
141.14,	-58.97
141.41,	-59.16
141.68,	-59.34
141.95,	-59.53
142.23,	-59.71
142.50,	-59.90
142.77,	-60.09
143.04,	-60.27
143.32,	-60.46
143.59,	-60.64
143.86,	-60.83
144.13,	-61.02
144.41,	-61.20
144.68,	-61.39
144.95,	-61.58
145.22,	-61.76
145.50,	-61.95
145.77,	-62.14
146.04,	-62.32
146.32,	-62.51
146.59,	-62.70
146.86,	-62.88
147.13,	-63.07
147.41,	-63.26
147.68,	-63.44
147.95,	-63.63
148.22,	-63.82
148.50,	-64.01
148.77,	-64.19
149.04,	-64.38
149.31,	-64.57
149.59,	-64.75
149.86,	-64.94
150.13,	-65.13
150.40,	-65.32
150.68,	-65.50
150.95,	-65.69
151.22,	-65.88
151.50,	-66.07
151.77,	-66.26
152.04,	-66.44
152.31,	-66.63
152.59,	-66.82
152.86,	-67.01
153.13,	-67.19
153.40,	-67.38
153.68,	-67.57
153.95,	-67.76
154.22,	-67.95
154.49,	-68.14
154.77,	-68.32
155.04,	-68.51
155.31,	-68.70
155.58,	-68.89
155.86,	-69.08
156.13,	-69.27
156.40,	-69.45
156.68,	-69.64
156.95,	-69.83
157.22,	-70.02
157.49,	-70.21
157.77,	-70.40
158.04,	-70.59
158.31,	-70.77
158.58,	-70.96
158.86,	-71.15
159.13,	-71.34
159.40,	-71.53
159.67,	-71.72
159.95,	-71.91
160.22,	-72.10
160.49,	-72.29
160.76,	-72.47
161.04,	-72.66
161.31,	-72.85
161.58,	-73.04
161.86,	-73.23
162.13,	-73.42
162.40,	-73.61
162.67,	-73.80
162.95,	-73.99
163.22,	-74.18
163.49,	-74.37
163.76,	-74.56
164.04,	-74.75
164.31,	-74.94
164.58,	-75.12
164.85,	-75.31
165.13,	-75.50
165.40,	-75.69
165.67,	-75.88
165.94,	-76.07
166.22,	-76.26
166.49,	-76.45
166.76,	-76.64
167.04,	-76.83
167.31,	-77.02
167.58,	-77.21
167.85,	-77.40
168.13,	-77.59
168.40,	-77.78
168.67,	-77.97
168.94,	-78.16
169.22,	-78.35
169.49,	-78.54
169.76,	-78.73
170.03,	-78.92
170.31,	-79.11
170.58,	-79.30
170.85,	-79.49
171.13,	-79.68
171.40,	-79.87
171.67,	-80.06
171.94,	-80.25
172.22,	-80.44
172.49,	-80.63
172.76,	-80.83
173.03,	-81.02
173.31,	-81.21
173.58,	-81.40
173.85,	-81.59
174.12,	-81.78
174.40,	-81.97
174.67,	-82.16
174.94,	-82.35
175.21,	-82.54
175.49,	-82.73
175.76,	-82.92
176.03,	-83.11
176.31,	-83.30
176.58,	-83.49
176.85,	-83.69
177.12,	-83.88
177.40,	-84.07
177.67,	-84.26
177.94,	-84.45
178.21,	-84.64
178.49,	-84.83
178.76,	-85.02
179.03,	-85.21
179.30,	-85.40
179.58,	-85.60
179.85,	-85.79
180.12,	-85.98
180.39,	-86.17
180.67,	-86.36
180.94,	-86.55
181.21,	-86.74
181.49,	-86.93
181.76,	-87.13
182.03,	-87.32
182.30,	-87.51
182.58,	-87.70
182.85,	-87.89
183.12,	-88.08
183.39,	-88.27
183.67,	-88.47
183.94,	-88.66
184.21,	-88.85
184.48,	-89.04
184.76,	-89.23
185.03,	-89.42
185.30,	-89.62
185.57,	-89.81
185.85,	-90.00
186.12,	-90.19
186.39,	-90.38
186.67,	-90.57
186.94,	-90.77
187.21,	-90.96
187.48,	-91.15
187.76,	-91.34
188.03,	-91.53
188.30,	-91.73
188.57,	-91.92
188.85,	-92.11
189.12,	-92.30
189.39,	-92.49
189.66,	-92.69
189.94,	-92.88
190.21,	-93.07
190.48,	-93.26
190.75,	-93.45
191.03,	-93.65
191.30,	-93.84
191.57,	-94.03
191.85,	-94.22
192.12,	-94.41
192.39,	-94.61
192.66,	-94.80
192.94,	-94.99
193.21,	-95.18
193.48,	-95.38
193.75,	-95.57
194.03,	-95.76
194.30,	-95.95
194.57,	-96.14
194.84,	-96.34
195.12,	-96.53
195.39,	-96.72
195.66,	-96.91
195.93,	-97.11
196.21,	-97.30
196.48,	-97.49
196.75,	-97.68
197.03,	-97.88
197.30,	-98.07
197.57,	-98.26
197.84,	-98.46
198.12,	-98.65
198.39,	-98.84
198.66,	-99.03
198.93,	-99.23
199.21,	-99.42
199.48,	-99.61
199.75,	-99.80
200.02,	-100.00
200.30,	-100.19
200.57,	-100.38
200.84,	-100.58
201.12,	-100.77
201.39,	-100.96
201.66,	-101.15
201.93,	-101.35
202.21,	-101.54
202.48,	-101.73
202.75,	-101.93
203.02,	-102.12
203.30,	-102.31
203.57,	-102.50
203.84,	-102.70
204.11,	-102.89
204.39,	-103.08
204.66,	-103.28
204.93,	-103.47
205.20,	-103.66
205.48,	-103.86
205.75,	-104.05
206.02,	-104.24
206.30,	-104.44
206.57,	-104.63
206.84,	-104.82
207.11,	-105.02
207.39,	-105.21
207.66,	-105.40
207.93,	-105.60
208.20,	-105.79
208.48,	-105.98
208.75,	-106.18
209.02,	-106.37
209.29,	-106.56
209.57,	-106.76
209.84,	-106.95
210.11,	-107.14
210.38,	-107.34
210.66,	-107.53
210.93,	-107.72
211.20,	-107.92
211.48,	-108.11
211.75,	-108.30
212.02,	-108.50
212.29,	-108.69
212.57,	-108.89
212.84,	-109.08
213.11,	-109.27
213.38,	-109.47
213.66,	-109.66
213.93,	-109.85
214.20,	-110.05
214.47,	-110.24
214.75,	-110.43
215.02,	-110.63
215.29,	-110.82
215.56,	-111.02
215.84,	-111.21
216.11,	-111.40
216.38,	-111.60
216.66,	-111.79
216.93,	-111.99
217.20,	-112.18
217.47,	-112.37
217.75,	-112.57
218.02,	-112.76
218.29,	-112.96
218.56,	-113.15
218.84,	-113.34
219.11,	-113.54
219.38,	-113.73
219.65,	-113.93
219.93,	-114.12
220.20,	-114.31
220.47,	-114.51
220.74,	-114.70
221.02,	-114.90
221.29,	-115.09
221.56,	-115.28
221.84,	-115.48
222.11,	-115.67
222.38,	-115.87
222.65,	-116.06
222.93,	-116.26
223.20,	-116.45
223.47,	-116.64
223.74,	-116.84
224.02,	-117.03
224.29,	-117.23
224.56,	-117.42
224.83,	-117.62
225.11,	-117.81
225.38,	-118.01
225.65,	-118.20
225.92,	-118.39
226.20,	-118.59
226.47,	-118.78
226.74,	-118.98
227.02,	-119.17
227.29,	-119.37
227.56,	-119.56
227.83,	-119.76
228.11,	-119.95
228.38,	-120.15
228.65,	-120.34
228.92,	-120.53
229.20,	-120.73
229.47,	-120.92
229.74,	-121.12
230.01,	-121.31
230.29,	-121.51
230.56,	-121.70
230.83,	-121.90
231.11,	-122.09
231.38,	-122.29
231.65,	-122.48
231.92,	-122.68
232.20,	-122.87
232.47,	-123.07
232.74,	-123.26
233.01,	-123.46
233.29,	-123.65
233.56,	-123.85
233.83,	-124.04
234.10,	-124.24
234.38,	-124.43
234.65,	-124.62
234.92,	-124.82
235.19,	-125.01
235.47,	-125.21
235.74,	-125.40
236.01,	-125.60
236.29,	-125.79
236.56,	-125.99
236.83,	-126.18
237.10,	-126.38
237.38,	-126.58
237.65,	-126.77
237.92,	-126.97
238.19,	-127.16
238.47,	-127.36
238.74,	-127.55
239.01,	-127.75
239.28,	-127.94
239.56,	-128.14
239.83,	-128.33
240.10,	-128.53
240.37,	-128.72
240.65,	-128.92
240.92,	-129.11
241.19,	-129.31
241.47,	-129.50
241.74,	-129.70
242.01,	-129.89
242.28,	-130.09
242.56,	-130.28
242.83,	-130.48
243.10,	-130.67
243.37,	-130.87
243.65,	-131.07
243.92,	-131.26
244.19,	-131.46
244.46,	-131.65
244.74,	-131.85
245.01,	-132.04
245.28,	-132.24
245.55,	-132.43
245.83,	-132.63
246.10,	-132.82
246.37,	-133.02
246.65,	-133.22
246.92,	-133.41
247.19,	-133.61
247.46,	-133.80
247.74,	-134.00
248.01,	-134.19
248.28,	-134.39
248.55,	-134.58
248.83,	-134.78
249.10,	-134.98
249.37,	-135.17
249.64,	-135.37
249.92,	-135.56
250.19,	-135.76
250.46,	-135.95
250.73,	-136.15
251.01,	-136.35
251.28,	-136.54
251.55,	-136.74
251.83,	-136.93
252.10,	-137.13
252.37,	-137.32
252.64,	-137.52
252.92,	-137.72
253.19,	-137.91
253.46,	-138.11
253.73,	-138.30
254.01,	-138.50
254.28,	-138.70
254.55,	-138.89
254.82,	-139.09
255.10,	-139.28
255.37,	-139.48
255.64,	-139.67
255.91,	-139.87
256.19,	-140.07
256.46,	-140.26
256.73,	-140.46
257.01,	-140.65
257.28,	-140.85
257.55,	-141.05
257.82,	-141.24
258.10,	-141.44
258.37,	-141.63
258.64,	-141.83
258.91,	-142.03
259.19,	-142.22
259.46,	-142.42
259.73,	-142.61
260.00,	-142.81
260.28,	-143.01
260.55,	-143.20
260.82,	-143.40
261.10,	-143.60
261.37,	-143.79
261.64,	-143.99
261.91,	-144.18
262.19,	-144.38
262.46,	-144.58
262.73,	-144.77
263.00,	-144.97
263.28,	-145.16
263.55,	-145.36
263.82,	-145.56
264.09,	-145.75
264.37,	-145.95
264.64,	-146.15
264.91,	-146.34
265.18,	-146.54
265.46,	-146.73
265.73,	-146.93
266.00,	-147.13
266.28,	-147.32
266.55,	-147.52
266.82,	-147.72
267.09,	-147.91
267.37,	-148.11
267.64,	-148.31
267.91,	-148.50
268.18,	-148.70
268.46,	-148.89
268.73,	-149.09
269.00,	-149.29
269.27,	-149.48
269.55,	-149.68
269.82,	-149.88
270.09,	-150.07
270.36,	-150.27
270.64,	-150.47
270.91,	-150.66
271.18,	-150.86
271.46,	-151.06
271.73,	-151.25
272.00,	-151.45
272.27,	-151.65
272.55,	-151.84
272.82,	-152.04
273.09,	-152.24
273.36,	-152.43
273.64,	-152.63
273.91,	-152.82
274.18,	-153.02
274.45,	-153.22
274.73,	-153.41
275.00,	-153.61
275.27,	-153.81
275.54,	-154.00
275.82,	-154.20
276.09,	-154.40
276.36,	-154.59
276.64,	-154.79
276.91,	-154.99
277.18,	-155.18
277.45,	-155.38
277.73,	-155.58
278.00,	-155.77
278.27,	-155.97
278.54,	-156.17
278.82,	-156.37
279.09,	-156.56
279.36,	-156.76
279.63,	-156.96
279.91,	-157.15
280.18,	-157.35
280.45,	-157.55
280.72,	-157.74
281.00,	-157.94
281.27,	-158.14
281.54,	-158.33
281.82,	-158.53
282.09,	-158.73
282.36,	-158.92
282.63,	-159.12
282.91,	-159.32
283.18,	-159.51
283.45,	-159.71
283.72,	-159.91
284.00,	-160.11
284.27,	-160.30
284.54,	-160.50
284.81,	-160.70
285.09,	-160.89
285.36,	-161.09
285.63,	-161.29
285.90,	-161.48
286.18,	-161.68
286.45,	-161.88
286.72,	-162.08
287.00,	-162.27
287.27,	-162.47
287.54,	-162.67
287.81,	-162.86
288.09,	-163.06
288.36,	-163.26
288.63,	-163.45
288.90,	-163.65
289.18,	-163.85
289.45,	-164.05
289.72,	-164.24
289.99,	-164.44
290.27,	-164.64
290.54,	-164.83
290.81,	-165.03
291.09,	-165.23
291.36,	-165.43
291.63,	-165.62
291.90,	-165.82
292.18,	-166.02
292.45,	-166.21
292.72,	-166.41
292.99,	-166.61
293.27,	-166.81
293.54,	-167.00
293.81,	-167.20
294.08,	-167.40
294.36,	-167.60
294.63,	-167.79
294.90,	-167.99
295.17,	-168.19
295.45,	-168.38
295.72,	-168.58
295.99,	-168.78
296.27,	-168.98
296.54,	-169.17
296.81,	-169.37
297.08,	-169.57
297.36,	-169.77
297.63,	-169.96
297.90,	-170.16
298.17,	-170.36
298.45,	-170.55
298.72,	-170.75
298.99,	-170.95
299.26,	-171.15
299.54,	-171.34
299.81,	-171.54
300.08,	-171.74
300.35,	-171.94
300.63,	-172.13
300.90,	-172.33
301.17,	-172.53
301.45,	-172.73
301.72,	-172.92
301.99,	-173.12
302.26,	-173.32
302.54,	-173.52
302.81,	-173.71
303.08,	-173.91
303.35,	-174.11
303.63,	-174.31
303.90,	-174.50
304.17,	-174.70
304.44,	-174.90
304.72,	-175.10
304.99,	-175.29
305.26,	-175.49
305.53,	-175.69
305.81,	-175.89
306.08,	-176.08
306.35,	-176.28
306.63,	-176.48
306.90,	-176.68
307.17,	-176.88
307.44,	-177.07
307.72,	-177.27
307.99,	-177.47
308.26,	-177.67
308.53,	-177.86
308.81,	-178.06
309.08,	-178.26
309.35,	-178.46
309.62,	-178.65
309.90,	-178.85
310.17,	-179.05
310.44,	-179.25
310.71,	-179.45
310.99,	-179.64
311.26,	-179.84
311.53,	-180.04
311.81,	-180.24
312.08,	-180.43
312.35,	-180.63
312.62,	-180.83
312.90,	-181.03
313.17,	-181.23
313.44,	-181.42
313.71,	-181.62
313.99,	-181.82
314.26,	-182.02
314.53,	-182.21
314.80,	-182.41
315.08,	-182.61
315.35,	-182.81
315.62,	-183.01
315.89,	-183.20
316.17,	-183.40
316.44,	-183.60
316.71,	-183.80
316.99,	-184.00
317.26,	-184.19
317.53,	-184.39
317.80,	-184.59
318.08,	-184.79
318.35,	-184.98
318.62,	-185.18
318.89,	-185.38
319.17,	-185.58
319.44,	-185.78
319.71,	-185.97
319.98,	-186.17
320.26,	-186.37
320.53,	-186.57
320.80,	-186.77
321.08,	-186.96
321.35,	-187.16
321.62,	-187.36
321.89,	-187.56
322.17,	-187.76
322.44,	-187.95
322.71,	-188.15
322.98,	-188.35
323.26,	-188.55
323.53,	-188.75
323.80,	-188.95
324.07,	-189.14
324.35,	-189.34
324.62,	-189.54
324.89,	-189.74
325.16,	-189.94
325.44,	-190.13
325.71,	-190.33
325.98,	-190.53
326.26,	-190.73
326.53,	-190.93
326.80,	-191.12
327.07,	-191.32
327.35,	-191.52
327.62,	-191.72
327.89,	-191.92
328.16,	-192.12
328.44,	-192.31
328.71,	-192.51
328.98,	-192.71
329.25,	-192.91
329.53,	-193.11
329.80,	-193.31
330.07,	-193.50
330.34,	-193.70
330.62,	-193.90
330.89,	-194.10
331.16,	-194.30
331.44,	-194.49
331.71,	-194.69
331.98,	-194.89
332.25,	-195.09
332.53,	-195.29
332.80,	-195.49
333.07,	-195.68
333.34,	-195.88
333.62,	-196.08
333.89,	-196.28
334.16,	-196.48
334.43,	-196.68
334.71,	-196.87
334.98,	-197.07
335.25,	-197.27
335.52,	-197.47
335.80,	-197.67
336.07,	-197.87
336.34,	-198.07
336.62,	-198.26
336.89,	-198.46
337.16,	-198.66
337.43,	-198.86
337.71,	-199.06
337.98,	-199.26
338.25,	-199.45
338.52,	-199.65
338.80,	-199.85
339.07,	-200.05
339.34,	-200.25
339.61,	-200.45
339.89,	-200.65
340.16,	-200.84
340.43,	-201.04
340.70,	-201.24
340.98,	-201.44
341.25,	-201.64
341.52,	-201.84
341.80,	-202.03
342.07,	-202.23
342.34,	-202.43
342.61,	-202.63
342.89,	-202.83
343.16,	-203.03
343.43,	-203.23
343.70,	-203.43
343.98,	-203.62
344.25,	-203.82
344.52,	-204.02
344.79,	-204.22
345.07,	-204.42
345.34,	-204.62
345.61,	-204.82
345.88,	-205.01
346.16,	-205.21
346.43,	-205.41
346.70,	-205.61
346.98,	-205.81
347.25,	-206.01
347.52,	-206.21
347.79,	-206.41
348.07,	-206.60
348.34,	-206.80
348.61,	-207.00
348.88,	-207.20
349.16,	-207.40
349.43,	-207.60
349.70,	-207.80
349.97,	-208.00
350.25,	-208.19
350.52,	-208.39
350.79,	-208.59
351.07,	-208.79
351.34,	-208.99
351.61,	-209.19
351.88,	-209.39
352.16,	-209.59
352.43,	-209.78
352.70,	-209.98
352.97,	-210.18
353.25,	-210.38
353.52,	-210.58
353.79,	-210.78
354.06,	-210.98
354.34,	-211.18
354.61,	-211.38
354.88,	-211.57
355.15,	-211.77
355.43,	-211.97
355.70,	-212.17
355.97,	-212.37
356.25,	-212.57
356.52,	-212.77
356.79,	-212.97
357.06,	-213.17
357.34,	-213.36
357.61,	-213.56
357.88,	-213.76
358.15,	-213.96
358.43,	-214.16
358.70,	-214.36
358.97,	-214.56
359.24,	-214.76
359.52,	-214.96
359.79,	-215.16
360.06,	-215.35
360.33,	-215.55
360.61,	-215.75
360.88,	-215.95
361.15,	-216.15
361.43,	-216.35
361.70,	-216.55
361.97,	-216.75
362.24,	-216.95
362.52,	-217.15
362.79,	-217.35
363.06,	-217.54
363.33,	-217.74
363.61,	-217.94
363.88,	-218.14
364.15,	-218.34
364.42,	-218.54
364.70,	-218.74
364.97,	-218.94
365.24,	-219.14
365.51,	-219.34
365.79,	-219.54
366.06,	-219.73
366.33,	-219.93
366.61,	-220.13
366.88,	-220.33
367.15,	-220.53
367.42,	-220.73
367.70,	-220.93
367.97,	-221.13
368.24,	-221.33
368.51,	-221.53
368.79,	-221.73
369.06,	-221.93
369.33,	-222.13
369.60,	-222.32
369.88,	-222.52
370.15,	-222.72
370.42,	-222.92
370.69,	-223.12
370.97,	-223.32
371.24,	-223.52
371.51,	-223.72
371.79,	-223.92
372.06,	-224.12
372.33,	-224.32
372.60,	-224.52
372.88,	-224.72
373.15,	-224.92
373.42,	-225.12
373.69,	-225.31
373.97,	-225.51
374.24,	-225.71
374.51,	-225.91
374.78,	-226.11
375.06,	-226.31
375.33,	-226.51
375.60,	-226.71
375.87,	-226.91
376.15,	-227.11
376.42,	-227.31
376.69,	-227.51
376.97,	-227.71
377.24,	-227.91
377.51,	-228.11
377.78,	-228.31
378.06,	-228.51
378.33,	-228.70
378.60,	-228.90
378.87,	-229.10
379.15,	-229.30
379.42,	-229.50
379.69,	-229.70
379.96,	-229.90
380.24,	-230.10
380.51,	-230.30
380.78,	-230.50
381.06,	-230.70
381.33,	-230.90
381.60,	-231.10
381.87,	-231.30
382.15,	-231.50
382.42,	-231.70
382.69,	-231.90
382.96,	-232.10
383.24,	-232.30
383.51,	-232.50
383.78,	-232.70
384.05,	-232.90
384.33,	-233.09
384.60,	-233.29
384.87,	-233.49
385.14,	-233.69
385.42,	-233.89
385.69,	-234.09
385.96,	-234.29
386.24,	-234.49
386.51,	-234.69
386.78,	-234.89
387.05,	-235.09
387.33,	-235.29
387.60,	-235.49
387.87,	-235.69
388.14,	-235.89
388.42,	-236.09
388.69,	-236.29
388.96,	-236.49
389.23,	-236.69
389.51,	-236.89
389.78,	-237.09
390.05,	-237.29
390.32,	-237.49
390.60,	-237.69
390.87,	-237.89
391.14,	-238.09
391.42,	-238.29
391.69,	-238.49
391.96,	-238.69
392.23,	-238.89
392.51,	-239.09
392.78,	-239.29
393.05,	-239.49
393.32,	-239.69
393.60,	-239.88
393.87,	-240.08
394.14,	-240.28
394.41,	-240.48
394.69,	-240.68
394.96,	-240.88
395.23,	-241.08
395.50,	-241.28
395.78,	-241.48
396.05,	-241.68
396.32,	-241.88
396.60,	-242.08
396.87,	-242.28
397.14,	-242.48
397.41,	-242.68
397.69,	-242.88
397.96,	-243.08
398.23,	-243.28
398.50,	-243.48
398.78,	-243.68
399.05,	-243.88
399.32,	-244.08
399.59,	-244.28
399.87,	-244.48
400.14,	-244.68
400.41,	-244.88
400.68,	-245.08
400.96,	-245.28
401.23,	-245.48
401.50,	-245.68
401.78,	-245.88
402.05,	-246.08
402.32,	-246.28
402.59,	-246.48
402.87,	-246.68
403.14,	-246.88
403.41,	-247.08
403.68,	-247.28
403.96,	-247.48
404.23,	-247.68
404.50,	-247.88
404.77,	-248.08
405.05,	-248.28
405.32,	-248.48
405.59,	-248.68
405.86,	-248.88
406.14,	-249.08
406.41,	-249.28
406.68,	-249.48
406.96,	-249.68
407.23,	-249.88
407.50,	-250.08
407.77,	-250.28
408.05,	-250.48
408.32,	-250.68
408.59,	-250.88
408.86,	-251.08
409.14,	-251.28
409.41,	-251.48
409.68,	-251.68
409.95,	-251.88
410.23,	-252.08
410.50,	-252.28
410.77,	-252.48
411.05,	-252.68
411.32,	-252.88
411.59,	-253.08
411.86,	-253.28
412.14,	-253.48
412.41,	-253.68
412.68,	-253.88
412.95,	-254.08
413.23,	-254.28
413.50,	-254.48
413.77,	-254.68
414.04,	-254.88
414.32,	-255.08
414.59,	-255.28
414.86,	-255.48
415.13,	-255.68
415.41,	-255.89
415.68,	-256.09
415.95,	-256.29
416.23,	-256.49
416.50,	-256.69
416.77,	-256.89
417.04,	-257.09
417.32,	-257.29
417.59,	-257.49
417.86,	-257.69
418.13,	-257.89
418.41,	-258.09
418.68,	-258.29
418.95,	-258.49
419.22,	-258.69
419.50,	-258.89
419.77,	-259.09
420.04,	-259.29
420.31,	-259.49
420.59,	-259.69
420.86,	-259.89
421.13,	-260.09
421.41,	-260.29
421.68,	-260.49
421.95,	-260.69
422.22,	-260.89
422.50,	-261.09
422.77,	-261.29
423.04,	-261.49
423.31,	-261.69
423.59,	-261.89
423.86,	-262.09
424.13,	-262.29
424.40,	-262.49
424.68,	-262.69
424.95,	-262.89
425.22,	-263.09
425.49,	-263.30
425.77,	-263.50
426.04,	-263.70
426.31,	-263.90
426.59,	-264.10
426.86,	-264.30
427.13,	-264.50
427.40,	-264.70
427.68,	-264.90
427.95,	-265.10
428.22,	-265.30
428.49,	-265.50
428.77,	-265.70
429.04,	-265.90
429.31,	-266.10
429.58,	-266.30
429.86,	-266.50
430.13,	-266.70
430.40,	-266.90
430.67,	-267.10
430.95,	-267.30
431.22,	-267.50
431.49,	-267.70
431.77,	-267.90
432.04,	-268.10
432.31,	-268.31
432.58,	-268.51
432.86,	-268.71
433.13,	-268.91
433.40,	-269.11
433.67,	-269.31
433.95,	-269.51
434.22,	-269.71
434.49,	-269.91
434.76,	-270.11
435.04,	-270.31
435.31,	-270.51
435.58,	-270.71
435.85,	-270.91
436.13,	-271.11
436.40,	-271.31
436.67,	-271.51
436.95,	-271.71
437.22,	-271.91
437.49,	-272.11
437.76,	-272.32
438.04,	-272.52
438.31,	-272.72
438.58,	-272.92
438.85,	-273.12
439.13,	-273.32
439.40,	-273.52
439.67,	-273.72
439.94,	-273.92
440.22,	-274.12
440.49,	-274.32
440.76,	-274.52
441.04,	-274.72
441.31,	-274.92
441.58,	-275.12
441.85,	-275.32
442.13,	-275.52
442.40,	-275.72
442.67,	-275.93
442.94,	-276.13
443.22,	-276.33
443.49,	-276.53
443.76,	-276.73
444.03,	-276.93
444.31,	-277.13
444.58,	-277.33
444.85,	-277.53
445.12,	-277.73
445.40,	-277.93
445.67,	-278.13
445.94,	-278.33
446.22,	-278.53
446.49,	-278.73
446.76,	-278.93
447.03,	-279.13
447.31,	-279.34
447.58,	-279.54
447.85,	-279.74
448.12,	-279.94
448.40,	-280.14
448.67,	-280.34
448.94,	-280.54
449.21,	-280.74
449.49,	-280.94
449.76,	-281.14
450.03,	-281.34
450.30,	-281.54
450.58,	-281.74
450.85,	-281.94
451.12,	-282.14
451.40,	-282.35
451.67,	-282.55
451.94,	-282.75
452.21,	-282.95
452.49,	-283.15
452.76,	-283.35
453.03,	-283.55
453.30,	-283.75
453.58,	-283.95
453.85,	-284.15
454.12,	-284.35
454.39,	-284.55
454.67,	-284.75
454.94,	-284.95
455.21,	-285.16
455.48,	-285.36
455.76,	-285.56
456.03,	-285.76
456.30,	-285.96
456.58,	-286.16
456.85,	-286.36
457.12,	-286.56
457.39,	-286.76
457.67,	-286.96
457.94,	-287.16
458.21,	-287.36
458.48,	-287.56
458.76,	-287.77
459.03,	-287.97
459.30,	-288.17
459.57,	-288.37
459.85,	-288.57
460.12,	-288.77
460.39,	-288.97
460.66,	-289.17
460.94,	-289.37
461.21,	-289.57
461.48,	-289.77
461.76,	-289.97
462.03,	-290.17
462.30,	-290.38
462.57,	-290.58
462.85,	-290.78
463.12,	-290.98
463.39,	-291.18
463.66,	-291.38
463.94,	-291.58
464.21,	-291.78
464.48,	-291.98
464.75,	-292.18
465.03,	-292.38
465.30,	-292.58
465.57,	-292.79
465.84,	-292.99
466.12,	-293.19
466.39,	-293.39
466.66,	-293.59
466.94,	-293.79
467.21,	-293.99
467.48,	-294.19
467.75,	-294.39
468.03,	-294.59
468.30,	-294.79
468.57,	-295.00
468.84,	-295.20
469.12,	-295.40
469.39,	-295.60
469.66,	-295.80
469.93,	-296.00
470.21,	-296.20
470.48,	-296.40
470.75,	-296.60
471.03,	-296.80
471.30,	-297.00
471.57,	-297.21
471.84,	-297.41
472.12,	-297.61
472.39,	-297.81
472.66,	-298.01
472.93,	-298.21
473.21,	-298.41
473.48,	-298.61
473.75,	-298.81
474.02,	-299.01
474.30,	-299.21
474.57,	-299.42
474.84,	-299.62
475.11,	-299.82
475.39,	-300.02
475.66,	-300.22
475.93,	-300.42
476.21,	-300.62
476.48,	-300.82
476.75,	-301.02
477.02,	-301.22
477.30,	-301.42
477.57,	-301.63
477.84,	-301.83
478.11,	-302.03
478.39,	-302.23
478.66,	-302.43
478.93,	-302.63
479.20,	-302.83
479.48,	-303.03
479.75,	-303.23
480.02,	-303.43
480.29,	-303.64
480.57,	-303.84
480.84,	-304.04
481.11,	-304.24
481.39,	-304.44
481.66,	-304.64
481.93,	-304.84
482.20,	-305.04
482.48,	-305.24
482.75,	-305.44
483.02,	-305.65
483.29,	-305.85
483.57,	-306.05
483.84,	-306.25
484.11,	-306.45
484.38,	-306.65
484.66,	-306.85
484.93,	-307.05
485.20,	-307.25
485.47,	-307.45
485.75,	-307.66
486.02,	-307.86
486.29,	-308.06
486.57,	-308.26
486.84,	-308.46
487.11,	-308.66
487.38,	-308.86
487.66,	-309.06
487.93,	-309.26
488.20,	-309.47
488.47,	-309.67
488.75,	-309.87
489.02,	-310.07
489.29,	-310.27
489.56,	-310.47
489.84,	-310.67
490.11,	-310.87
490.38,	-311.07
490.65,	-311.27
490.93,	-311.48
491.20,	-311.68
491.47,	-311.88
491.75,	-312.08
492.02,	-312.28
492.29,	-312.48
492.56,	-312.68
492.84,	-312.88
493.11,	-313.08
493.38,	-313.29
493.65,	-313.49
493.93,	-313.69
494.20,	-313.89
494.47,	-314.09
494.74,	-314.29
495.02,	-314.49
495.29,	-314.69
495.56,	-314.89
495.83,	-315.10
496.11,	-315.30
496.38,	-315.50
496.65,	-315.70
496.93,	-315.90
497.20,	-316.10
497.47,	-316.30
497.74,	-316.50
498.02,	-316.70
498.29,	-316.91
498.56,	-317.11
498.83,	-317.31
499.11,	-317.51
499.38,	-317.71
499.65,	-317.91
499.92,	-318.11
500.20,	-318.31
500.47,	-318.51
500.74,	-318.72
501.02,	-318.92
501.29,	-319.12
501.56,	-319.32
501.83,	-319.52
502.11,	-319.72
502.38,	-319.92
502.65,	-320.12
502.92,	-320.33
503.20,	-320.53
503.47,	-320.73
503.74,	-320.93
504.01,	-321.13
504.29,	-321.33
504.56,	-321.53
504.83,	-321.73
505.10,	-321.93
505.38,	-322.14
505.65,	-322.34
505.92,	-322.54
506.20,	-322.74
506.47,	-322.94
506.74,	-323.14
507.01,	-323.34
507.29,	-323.54
507.56,	-323.75
507.83,	-323.95
508.10,	-324.15
508.38,	-324.35
508.65,	-324.55
508.92,	-324.75
509.19,	-324.95
509.47,	-325.15
509.74,	-325.36
510.01,	-325.56
510.28,	-325.76
510.56,	-325.96
510.83,	-326.16
511.10,	-326.36
511.38,	-326.56
511.65,	-326.76
511.92,	-326.96
512.19,	-327.17
512.47,	-327.37
512.74,	-327.57
513.01,	-327.77
513.28,	-327.97
513.56,	-328.17
513.83,	-328.37
514.10,	-328.57
514.37,	-328.78
514.65,	-328.98
514.92,	-329.18
515.19,	-329.38
515.46,	-329.58
515.74,	-329.78
516.01,	-329.98
516.28,	-330.18
516.56,	-330.39
516.83,	-330.59
517.10,	-330.79
517.37,	-330.99
517.65,	-331.19
517.92,	-331.39
518.19,	-331.59
518.46,	-331.80
518.74,	-332.00
519.01,	-332.20
519.28,	-332.40
519.55,	-332.60
519.83,	-332.80
520.10,	-333.00
520.37,	-333.20
520.64,	-333.41
520.92,	-333.61
521.19,	-333.81
521.46,	-334.01
521.74,	-334.21
522.01,	-334.41
522.28,	-334.61
522.55,	-334.81
522.83,	-335.02
523.10,	-335.22
523.37,	-335.42
523.64,	-335.62
523.92,	-335.82
524.19,	-336.02
524.46,	-336.22
524.73,	-336.42
525.01,	-336.63
525.28,	-336.83
525.55,	-337.03
525.82,	-337.23
526.10,	-337.43
526.37,	-337.63
526.64,	-337.83
526.92,	-338.04
527.19,	-338.24
527.46,	-338.44
527.73,	-338.64
528.01,	-338.84
528.28,	-339.04
528.55,	-339.24
528.82,	-339.44
529.10,	-339.65
529.37,	-339.85
529.64,	-340.05
529.91,	-340.25
530.19,	-340.45
530.46,	-340.65
530.73,	-340.85
531.01,	-341.06
531.28,	-341.26
531.55,	-341.46
531.82,	-341.66
532.10,	-341.86
532.37,	-342.06
532.64,	-342.26
532.91,	-342.46
533.19,	-342.67
533.46,	-342.87
533.73,	-343.07
534.00,	-343.27
534.28,	-343.47
534.55,	-343.67
534.82,	-343.87
535.09,	-344.08
535.37,	-344.28
535.64,	-344.48
535.91,	-344.68
536.19,	-344.88
536.46,	-345.08
536.73,	-345.28
537.00,	-345.49
537.28,	-345.69
537.55,	-345.89
537.82,	-346.09
538.09,	-346.29
538.37,	-346.49
538.64,	-346.69
538.91,	-346.90
539.18,	-347.10
539.46,	-347.30
539.73,	-347.50
540.00,	-347.70
540.27,	-347.90
540.55,	-348.10
540.82,	-348.30
541.09,	-348.51
541.37,	-348.71
541.64,	-348.91
541.91,	-349.11
542.18,	-349.31
542.46,	-349.51
542.73,	-349.71
543.00,	-349.92
543.27,	-350.12
543.55,	-350.32
543.82,	-350.52
544.09,	-350.72
544.36,	-350.92
544.64,	-351.12
544.91,	-351.33
545.18,	-351.53
545.45,	-351.73
545.73,	-351.93
546.00,	-352.13
