METERS,	T_init,	case1,	case2,	case3
0.000,	    4.300,	47.097,	42.556
0.710,	    4.300,	45.304,	42.083
1.404,	    4.300,	45.891,	41.933
2.094,	    4.300,	47.539,	42.930
2.803,	    4.300,	45.673,	42.197
3.492,	    4.300,	44.957,	41.285
4.187,	    4.300,	47.403,	42.931
4.897,	    4.300,	45.799,	41.850
5.571,	    4.300,	44.347,	40.901
6.281,	    4.300,	46.430,	42.155
6.972,	    4.300,	45.639,	41.328
7.664,	    4.300,	43.800,	40.488
8.374,	    4.300,	44.713,	40.698
9.048,	    4.300,	44.964,	40.507
9.758,	    4.300,	43.273,	39.842
10.451,     4.300,	42.966,	39.196
11.142,     4.300,	44.249,	39.840
11.852,     4.300,	42.633,	38.882
12.525,     4.300,	41.387,	37.807
13.235,     4.300,	42.810,	38.590
13.930,     4.300,	41.777,	37.736
14.619,     4.300,	40.022,	36.546
15.329,     4.300,	40.832,	36.846
16.018,     4.300,	40.833,	36.571
16.713,     4.300,	38.909,	35.371
17.422,     4.300,	38.783,	35.023
18.097,     4.300,	39.281,	35.031
18.807,     4.300,	38.007,	34.279
19.497,     4.300,	37.153,	33.526
20.190,     4.300,	37.953,	33.816
20.900,     4.300,	37.278,	33.322
21.574,     4.300,	35.899,	32.330
22.284,     4.300,	36.511,	32.556
22.977,     4.300,	36.624,	32.514
23.668,     4.300,	35.061,	31.465
24.377,     4.300,	35.235,	31.459
25.052,     4.300,	35.986,	31.797
25.761,     4.300,	34.660,	30.952
26.456,     4.300,	34.415,	30.743
27.145,     4.300,	35.341,	31.223
27.855,     4.300,	34.638,	30.774
28.544,     4.300,	33.988,	30.383
29.239,     4.300,	35.001,	31.008
29.952,     4.300,	34.962,	30.932
30.631,     4.300,	34.002,	30.419
31.344,     4.300,	34.909,	31.057
32.039,     4.300,	35.463,	31.329
32.736,     4.300,	34.488,	30.857
33.449,     4.300,	35.114,	31.384
34.129,     4.300,	36.498,	32.303
34.842,     4.300,	35.394,	31.656
35.538,     4.300,	35.657,	32.010
36.234,     4.300,	37.418,	33.266
36.947,     4.300,	36.633,	32.740
37.626,     4.300,	36.464,	32.883
38.339,     4.300,	38.429,	34.366
39.038,     4.300,	38.047,	33.995
39.731,     4.300,	37.528,	34.001
40.444,     4.300,	39.377,	35.441
41.138,     4.300,	39.683,	35.468
41.837,     4.300,	38.910,	35.376
42.549,     4.300,	40.158,	36.372
43.229,     4.300,	42.021,	37.676
43.942,     4.300,	40.513,	36.879
44.637,     4.300,	40.994,	37.337
45.334,     4.300,	43.628,	39.288
46.047,     4.300,	42.186,	38.318
46.726,     4.300,	41.889,	38.369
47.439,     4.300,	44.710,	40.470
48.137,     4.300,	43.714,	39.565
48.832,     4.300,	42.896,	39.530
49.544,     4.300,	45.056,	40.966
50.224,     4.300,	45.321,	40.897
50.937,     4.300,	44.007,	40.687
51.636,     4.300,	44.971,	41.066
52.330,     4.300,	46.968,	42.396
53.042,     4.300,	45.116,	41.606
53.735,     4.300,	44.790,	41.130
54.435,     4.300,	47.598,	43.124
55.147,     4.300,	46.002,	42.070
55.827,     4.300,	44.873,	41.448
56.540,     4.300,	47.394,	43.084
57.235,     4.300,	46.668,	42.340
57.932,     4.300,	45.076,	41.857
58.645,     4.300,	46.514,	42.435
59.331,     4.300,	47.239,	42.677
60.046,     4.300,	45.430,	42.186
60.747,     4.300,	45.551,	41.710
61.447,     4.300,	47.553,	43.001
62.163,     4.300,	45.722,	42.130
62.848,     4.300,	44.718,	41.129
63.564,     4.300,	47.101,	42.715
64.267,     4.300,	45.669,	41.655
64.965,     4.300,	44.061,	40.707
65.680,     4.300,	45.812,	41.642
66.378,     4.300,	45.443,	41.068
67.081,     4.300,	43.490,	40.183
67.797,     4.300,	43.924,	40.035
68.483,     4.300,	44.620,	40.174
69.198,     4.300,	42.911,	39.400
69.897,     4.300,	42.221,	38.554
70.599,     4.300,	43.640,	39.310
71.315,     4.300,	42.198,	38.343
72.000,     4.300,	40.706,	37.194
72.716,     4.300,	41.961,	37.837
73.418,     4.300,	41.316,	37.201
74.117,     4.300,	39.418,	35.947
74.832,     4.300,	39.906,	36.018
75.518,     4.300,	40.098,	35.849
76.234,     4.300,	38.386,	34.798
76.937,     4.300,	38.033,	34.328
77.635,     4.300,	38.649,	34.438
78.350,     4.300,	37.559,	33.761
79.048,     4.300,	36.500,	32.913
79.751,     4.300,	37.283,	33.217
80.467,     4.300,	36.911,	32.897
81.152,     4.300,	35.413,	31.855
81.868,     4.300,	35.900,	32.023
82.568,     4.300,	36.331,	32.193
83.269,     4.300,	34.769,	31.149
83.984,     4.300,	34.794,	31.077
84.670,     4.300,	35.609,	31.451
85.386,     4.300,	34.544,	30.795
86.087,     4.300,	34.160,	30.531
86.787,     4.300,	35.183,	31.110
87.503,     4.300,	34.686,	30.777
88.191,     4.300,	33.941,	30.365
88.909,     4.300,	34.972,	31.039
89.617,     4.300,	35.102,	31.061
90.319,     4.300,	34.156,	30.581
91.037,     4.300,	35.029,	31.232
91.740,     4.300,	35.812,	31.663
92.447,     4.300,	34.841,	31.198
93.165,     4.300,	35.382,	31.699
93.857,     4.300,	36.950,	32.776
94.575,     4.300,	35.912,	32.148
95.279,     4.300,	36.043,	32.442
95.985,     4.300,	37.961,	33.841
96.704,     4.300,	37.282,	33.351
97.395,     4.300,	36.962,	33.427
98.113,     4.300,	39.005,	34.989
98.819,     4.300,	38.788,	34.695
99.523,     4.300,	38.164,	34.667
100.24, 	4.300,	39.918,	36.041
100.93, 	4.300,	40.719,	36.464
101.65, 	4.300,	39.642,	36.119
102.35, 	4.300,	40.732,	36.993
103.06, 	4.300,	42.853,	38.506
103.77, 	4.300,	41.298,	37.637
104.48, 	4.300,	41.483,	37.904
105.18, 	4.300,	44.311,	40.013
105.90, 	4.300,	42.953,	39.018
106.59, 	4.300,	42.396,	38.969
107.31, 	4.300,	45.125,	40.948
108.02, 	4.300,	44.447,	40.217
108.72, 	4.300,	43.404,	40.117
109.44, 	4.300,	45.196,	41.200
110.13, 	4.300,	46.250,	41.757
110.85, 	4.300,	44.503,	41.202
111.56, 	4.300,	45.028,	41.232
112.26, 	4.300,	47.381,	42.858
112.98, 	4.300,	45.549,	41.973
113.67, 	4.300,	44.906,	41.342
114.39, 	4.300,	47.690,	43.299
115.10, 	4.300,	46.298,	42.315
115.80, 	4.300,	44.955,	41.664
116.52, 	4.300,	47.205,	42.993
117.22, 	4.300,	46.939,	42.539
117.93, 	4.300,	45.190,	42.069
118.65, 	4.300,	46.177,	42.236
119.35, 	4.300,	47.440,	42.899
120.07, 	4.300,	45.535,	42.266
120.78, 	4.300,	45.223,	41.532
121.49, 	4.300,	47.460,	43.003
122.21, 	4.300,	45.733,	42.043
122.91, 	4.300,	44.418,	40.977
123.63, 	4.300,	46.679,	42.407
124.34, 	4.300,	45.597,	41.488
125.05, 	4.300,	43.743,	40.480
125.77, 	4.300,	45.117,	41.081
126.46, 	4.300,	45.005,	40.651
127.19, 	4.300,	43.145,	39.833
127.90, 	4.300,	43.252,	39.473
128.60, 	4.300,	44.209,	39.826
129.33, 	4.300,	42.517,	38.932
130.03, 	4.300,	41.496,	37.937
130.74, 	4.300,	42.936,	38.705
131.46, 	4.300,	41.754,	37.825
132.16, 	4.300,	40.041,	36.592
132.88, 	4.300,	41.069,	37.057
133.59, 	4.300,	40.854,	36.699
134.30, 	4.300,	38.836,	35.362
135.02, 	4.300,	39.011,	35.227
135.72, 	4.300,	39.256,	35.039
136.44, 	4.300,	37.889,	34.255
137.15, 	4.300,	37.262,	33.635
137.86, 	4.300,	38.011,	33.865
138.58, 	4.300,	37.142,	33.292
139.28, 	4.300,	35.920,	32.371
140.00, 	4.300,	36.630,	32.652
140.71, 	4.300,	36.530,	32.502
141.42, 	4.300,	35.001,	31.452
142.14, 	4.300,	35.352,	31.558
142.85, 	4.300,	36.059,	31.909
143.56, 	4.300,	34.546,	30.909
144.28, 	4.300,	34.437,	30.780
144.98, 	4.300,	35.388,	31.271
145.70, 	4.300,	34.495,	30.716
146.41, 	4.300,	33.992,	30.408
147.12, 	4.300,	35.075,	31.077
147.84, 	4.300,	34.784,	30.861
148.54, 	4.300,	33.954,	30.416
149.27, 	4.300,	35.006,	31.143
149.98, 	4.300,	35.344,	31.290
150.69, 	4.300,	34.389,	30.825
151.42, 	4.300,	35.210,	31.478
152.12, 	4.300,	36.305,	32.154
152.84, 	4.300,	35.259,	31.611
153.56, 	4.300,	35.724,	32.091
154.27, 	4.300,	37.450,	33.308
155.00, 	4.300,	36.486,	32.703
155.71, 	4.300,	36.477,	32.932
156.42, 	4.300,	38.534,	34.463
157.15, 	4.300,	37.977,	34.019
157.85, 	4.300,	37.510,	34.029
158.57, 	4.300,	39.579,	35.627
159.29, 	4.300,	39.574,	35.451
160.00, 	4.300,	38.826,	35.371
160.73, 	4.300,	40.441,	36.641
161.43, 	4.300,	41.918,	37.632
162.15, 	4.300,	40.387,	36.882
162.87, 	4.300,	41.214,	37.565
163.58, 	4.300,	43.652,	39.336
164.30, 	4.300,	42.082,	38.400
165.01, 	4.300,	41.995,	38.505
165.73, 	4.300,	44.894,	40.664
166.45, 	4.300,	43.673,	39.715
167.16, 	4.300,	42.873,	39.563
167.88, 	4.300,	45.422,	41.339
168.59, 	4.300,	45.157,	40.880
169.31, 	4.300,	43.875,	40.678
170.03, 	4.300,	45.270,	41.398
170.74, 	4.300,	46.871,	42.387
171.46, 	4.300,	44.968,	41.682
172.17, 	4.300,	45.060,	41.409
172.89, 	4.300,	47.667,	43.230
173.61, 	4.300,	45.950,	42.314
174.31, 	4.300,	44.953,	41.557
175.04, 	4.300,	47.668,	43.382
175.75, 	4.300,	46.650,	42.576
176.47, 	4.300,	45.020,	41.871
177.19, 	4.300,	46.956,	42.902
177.90, 	4.300,	47.156,	42.782
178.63, 	4.300,	45.264,	42.204
179.35, 	4.300,	45.890,	42.088
180.06, 	4.300,	47.512,	43.040
180.79, 	4.300,	45.586,	42.276
181.50, 	4.300,	44.866,	41.343
182.22, 	4.300,	47.210,	42.869
182.95, 	4.300,	45.676,	41.906
183.66, 	4.300,	44.062,	40.771
184.39, 	4.300,	46.112,	41.972
185.10, 	4.300,	45.446,	41.284
185.82, 	4.300,	43.364,	40.169
186.55, 	4.300,	44.341,	40.458
187.26, 	4.300,	44.520,	40.189
187.99, 	4.300,	42.746,	39.409
188.70, 	4.300,	42.462,	38.822
189.42, 	4.300,	43.653,	39.360
190.15, 	4.300,	42.077,	38.423
190.86, 	4.300,	40.783,	37.315
191.58, 	4.300,	42.115,	37.998
192.30, 	4.300,	41.249,	37.289
193.02, 	4.300,	39.369,	35.966
193.75, 	4.300,	40.132,	36.239
194.46, 	4.300,	40.323,	36.151
195.18, 	4.300,	38.257,	34.771
195.91, 	4.300,	38.138,	34.457
196.62, 	4.300,	38.640,	34.466
197.34, 	4.300,	37.402,	33.728
198.06, 	4.300,	36.539,	32.986
198.78, 	4.300,	37.343,	33.284
199.51, 	4.300,	36.742,	32.856
200.22, 	4.300,	35.366,	31.861
200.94, 	4.300,	35.997,	32.116
201.66, 	4.300,	36.211,	32.169
202.38, 	4.300,	34.652,	31.110
203.11, 	4.300,	34.864,	31.155
203.81, 	4.300,	35.701,	31.579
204.54, 	4.300,	34.384,	30.734
205.26, 	4.300,	34.165,	30.566
205.98, 	4.300,	35.218,	31.163
206.70, 	4.300,	34.505,	30.707
207.42, 	4.300,	33.866,	30.349
208.15, 	4.300,	35.018,	31.096
208.88, 	4.300,	34.938,	31.003
209.59, 	4.300,	34.046,	30.543
210.32, 	4.300,	35.092,	31.304
211.04, 	4.300,	35.636,	31.583
211.76, 	4.300,	34.682,	31.134
212.49, 	4.300,	35.435,	31.773
213.21, 	4.300,	36.899,	32.771
213.94, 	4.300,	35.723,	32.076
214.66, 	4.300,	36.063,	32.500
215.38, 	4.300,	37.972,	33.877
216.11, 	4.300,	37.092,	33.300
216.83, 	4.300,	36.939,	33.458
217.56, 	4.300,	39.095,	35.087
218.28, 	4.300,	38.662,	34.698
219.00, 	4.300,	38.070,	34.651
219.73, 	4.300,	40.110,	36.238
220.45, 	4.300,	40.380,	36.246
221.18, 	4.300,	39.477,	36.071
221.91, 	4.300,	40.908,	37.203
222.62, 	4.300,	42.769,	38.497
223.35, 	4.300,	41.108,	37.624
224.07, 	4.300,	41.644,	38.105
224.79, 	4.300,	44.332,	40.075
225.52, 	4.300,	42.824,	39.122
226.24, 	4.300,	42.411,	39.050
226.97, 	4.300,	45.315,	41.173
227.69, 	4.300,	44.388,	40.380
228.41, 	4.300,	43.273,	40.090
229.14, 	4.300,	45.569,	41.603
229.86, 	4.300,	45.925,	41.626
230.59, 	4.300,	44.281,	41.163
231.31, 	4.300,	45.326,	41.582
232.03, 	4.300,	47.306,	42.875
232.76, 	4.300,	45.368,	42.082
233.48, 	4.300,	45.034,	41.548
234.21, 	4.300,	47.777,	43.440
234.94, 	4.300,	46.284,	42.586
235.65, 	4.300,	44.933,	41.716
236.38, 	4.300,	47.496,	43.329
237.10, 	4.300,	46.913,	42.776
237.83, 	4.300,	44.959,	41.974
238.56, 	4.300,	46.551,	42.647
239.28, 	4.300,	47.277,	42.900
240.01, 	4.300,	45.246,	42.211
240.74, 	4.300,	45.440,	41.809
241.47, 	4.300,	47.365,	42.988
242.20, 	4.300,	45.524,	42.155
242.92, 	4.300,	44.444,	41.079
243.65, 	4.300,	46.741,	42.522
244.38, 	4.300,	45.494,	41.667
245.10, 	4.300,	43.594,	40.427
245.84, 	4.300,	45.363,	41.366
246.56, 	4.300,	45.142,	40.957
247.29, 	4.300,	42.885,	39.721
248.02, 	4.300,	43.462,	39.733
248.74, 	4.300,	44.058,	39.773
249.48, 	4.300,	42.255,	38.873
250.20, 	4.300,	41.605,	38.096
250.93, 	4.300,	42.904,	38.714
251.66, 	4.300,	41.556,	37.839
252.38, 	4.300,	39.986,	36.607
253.11, 	4.300,	41.161,	37.167
253.84, 	4.300,	40.711,	36.714
254.57, 	4.300,	38.667,	35.290
255.30, 	4.300,	39.146,	35.375
256.02, 	4.300,	39.450,	35.308
256.75, 	4.300,	37.664,	34.158
257.48, 	4.300,	37.294,	33.706
258.21, 	4.300,	37.964,	33.862
258.94, 	4.300,	36.910,	33.203
259.66, 	4.300,	35.851,	32.364
260.39, 	4.300,	36.645,	32.687
261.13, 	4.300,	36.343,	32.437
261.85, 	4.300,	34.867,	31.397
262.58, 	4.300,	35.390,	31.611
263.30, 	4.300,	35.898,	31.860
264.03, 	4.300,	34.355,	30.821
264.76, 	4.300,	34.436,	30.811
265.48, 	4.300,	35.359,	31.295
266.22, 	4.300,	34.273,	30.615
266.94, 	4.300,	33.931,	30.400
267.67, 	4.300,	35.041,	31.080
268.41, 	4.300,	34.514,	30.729
269.13, 	4.300,	33.817,	30.352
269.87, 	4.300,	34.998,	31.158
270.60, 	4.300,	35.113,	31.182
271.33, 	4.300,	34.197,	30.727
272.06, 	4.300,	35.210,	31.502
272.79, 	4.300,	35.969,	31.929
273.53, 	4.300,	35.012,	31.482
274.26, 	4.300,	35.680,	32.092
274.99, 	4.300,	37.347,	33.263
275.72, 	4.300,	36.206,	32.565
276.45, 	4.300,	36.410,	32.921
277.19, 	4.300,	38.469,	34.432
277.92, 	4.300,	37.697,	33.900
278.65, 	4.300,	37.372,	33.967
279.38, 	4.300,	39.588,	35.657
280.11, 	4.300,	39.352,	35.374
280.84, 	4.300,	38.591,	35.240
281.58, 	4.300,	40.546,	36.765
282.31, 	4.300,	41.394,	37.246
283.04, 	4.300,	40.069,	36.713
283.77, 	4.300,	41.292,	37.690
284.50, 	4.300,	43.454,	39.217
285.24, 	4.300,	41.753,	38.283
285.97, 	4.300,	41.970,	38.554
286.70, 	4.300,	44.800,	40.619
287.44, 	4.300,	43.463,	39.737
288.16, 	4.300,	42.698,	39.475
288.90, 	4.300,	45.505,	41.466
289.63, 	4.300,	44.962,	40.912
290.36, 	4.300,	43.541,	40.473
291.09, 	4.300,	45.525,	41.691
291.82, 	4.300,	46.593,	42.272
292.56, 	4.300,	44.570,	41.505
293.29, 	4.300,	45.186,	41.600
294.02, 	4.300,	47.479,	43.124
294.75, 	4.300,	45.643,	42.332
295.48, 	4.300,	44.901,	41.582
296.22, 	4.300,	47.644,	43.412
296.95, 	4.300,	46.476,	42.721
297.68, 	4.300,	44.788,	41.733
298.41, 	4.300,	46.987,	42.979
299.15, 	4.300,	46.906,	42.765
299.88, 	4.300,	44.770,	41.861
300.62, 	4.300,	45.968,	42.223
301.35, 	4.300,	47.140,	42.800
302.09, 	4.300,	45.068,	42.012
302.83, 	4.300,	44.835,	41.376
303.56, 	4.300,	46.917,	42.644
304.30, 	4.300,	45.284,	41.834
305.03, 	4.300,	43.834,	40.624
305.77, 	4.300,	45.992,	41.900
306.51, 	4.300,	45.144,	41.248
307.24, 	4.300,	42.964,	39.876
307.98, 	4.300,	44.400,	40.553
308.71, 	4.300,	44.412,	40.241
309.45, 	4.300,	42.269,	39.096
310.19, 	4.300,	42.465,	38.879
310.92, 	4.300,	43.344,	39.135
311.66, 	4.300,	41.637,	38.196
312.39, 	4.300,	40.658,	37.260
313.13, 	4.300,	41.939,	37.864
313.87, 	4.300,	40.921,	37.151
314.60, 	4.300,	39.120,	35.804
315.34, 	4.300,	40.083,	36.216
316.07, 	4.300,	40.060,	36.047
316.81, 	4.300,	37.926,	34.558
317.55, 	4.300,	38.125,	34.472
318.28, 	4.300,	38.462,	34.378
319.02, 	4.300,	37.049,	33.520
319.75, 	4.300,	36.438,	32.940
320.49, 	4.300,	37.217,	33.205
321.23, 	4.300,	36.405,	32.674
321.96, 	4.300,	35.192,	31.763
322.70, 	4.300,	35.937,	32.085
323.43, 	4.300,	35.933,	32.024
324.17, 	4.300,	34.417,	30.974
324.90, 	4.300,	34.822,	31.143
325.64, 	4.300,	35.572,	31.555
326.38, 	4.300,	34.107,	30.577
327.11, 	4.300,	34.065,	30.520
327.85, 	4.300,	35.126,	31.127
328.58, 	4.300,	34.205,	30.544
329.32, 	4.300,	33.690,	30.244
330.06, 	4.300,	34.915,	31.034
330.80, 	4.300,	34.584,	30.799
331.54, 	4.300,	33.816,	30.400
332.28, 	4.300,	35.005,	31.247
333.02, 	4.300,	35.321,	31.397
333.76, 	4.300,	34.382,	30.943
334.50, 	4.300,	35.342,	31.713
335.24, 	4.300,	36.472,	32.444
335.98, 	4.300,	35.353,	31.841
336.72, 	4.300,	35.913,	32.404
337.46, 	4.300,	37.743,	33.710
338.20, 	4.300,	36.675,	33.042
338.94, 	4.300,	36.727,	33.315
339.68, 	4.300,	38.883,	34.915
340.42, 	4.300,	38.259,	34.459
341.16, 	4.300,	37.750,	34.420
341.90, 	4.300,	39.956,	36.112
342.64, 	4.300,	39.957,	35.974
343.38, 	4.300,	39.024,	35.737
344.12, 	4.300,	40.831,	37.153
344.86, 	4.300,	42.305,	38.151
345.60, 	4.300,	40.550,	37.234
346.34, 	4.300,	41.493,	38.010
347.08, 	4.300,	43.889,	39.707
347.82, 	4.300,	42.260,	38.791
348.56, 	4.300,	42.121,	38.836
349.30, 	4.300,	44.973,	40.880
350.04, 	4.300,	43.931,	40.169
350.78, 	4.300,	42.792,	39.698
351.52, 	4.300,	45.407,	41.482
352.25, 	4.300,	45.317,	41.237
353.00, 	4.300,	43.624,	40.640
353.74, 	4.300,	45.252,	41.558
354.48, 	4.300,	46.764,	42.464
355.22, 	4.300,	44.684,	41.632
355.96, 	4.300,	44.854,	41.428
356.70, 	4.300,	47.319,	43.047
357.44, 	4.300,	45.718,	42.351
358.17, 	4.300,	44.556,	41.408
358.92, 	4.300,	47.210,	43.087
359.66, 	4.300,	46.456,	42.620
360.40, 	4.300,	44.224,	41.314
361.14, 	4.300,	46.256,	42.385
361.89, 	4.300,	46.612,	42.437
362.63, 	4.300,	44.383,	41.495
363.38, 	4.300,	45.147,	41.569
364.12, 	4.300,	46.639,	42.364
364.86, 	4.300,	44.671,	41.552
365.60, 	4.300,	44.044,	40.739
366.35, 	4.300,	46.120,	41.956
367.09, 	4.300,	44.814,	41.273
367.78, 	5.144,	44.128,	40.907
367.79, 	5.437,	44.348,	41.162
367.81, 	5.793,	44.637,	41.485
367.82, 	6.211,	44.997,	41.875
367.84, 	6.686,	45.419,	42.325
367.85, 	7.205,	45.893,	42.824
367.87, 	7.749,	46.401,	43.352
367.88, 	8.294,	46.919,	43.888
367.90, 	8.808,	47.421,	44.403
367.91, 	9.263,	47.875,	44.867
367.93, 	9.628,	48.254,	45.252
367.94, 	9.877,	48.533,	45.532
367.96, 	9.993,	48.693,	45.689
367.97, 	9.966,	48.727,	45.716
367.99, 	9.800,	48.635,	45.611
368.00, 	9.506,	48.428,	45.387
368.02, 	9.105,	48.127,	45.063
368.03, 	8.624,	47.755,	44.664
368.05, 	8.095,	47.341,	44.218
368.06, 	7.548,	46.914,	43.752
368.08, 	7.010,	46.498,	43.294
368.09, 	6.505,	46.115,	42.863
368.11, 	6.050,	45.780,	42.474
368.12, 	5.654,	45.500,	42.137
368.14, 	5.322,	45.280,	41.855
368.15, 	5.052,	45.117,	41.628
367.84, 	6.686,	45.419,	42.325
368.58, 	4.300,	44.942,	40.985
369.32, 	4.300,	44.534,	40.587
370.07, 	4.300,	42.158,	39.101
370.81, 	4.300,	43.230,	39.530
371.56, 	4.300,	43.427,	39.287
372.30, 	4.300,	41.502,	38.289
373.05, 	4.300,	41.316,	37.861
373.79, 	4.300,	42.360,	38.244
374.53, 	4.300,	40.881,	37.375
375.28, 	4.300,	39.604,	36.298
376.02, 	4.300,	40.791,	36.836
376.77, 	4.300,	40.175,	36.359
377.51, 	4.300,	38.201,	34.922
378.25, 	4.300,	38.923,	35.180
378.99, 	4.300,	39.273,	35.261
379.74, 	4.300,	37.160,	33.784
380.48, 	4.300,	37.098,	33.552
381.23, 	4.300,	37.646,	33.623
381.97, 	4.300,	36.420,	32.867
382.71, 	4.300,	35.612,	32.189
383.46, 	4.300,	36.428,	32.515
384.20, 	4.300,	35.894,	32.149
384.95, 	4.300,	34.575,	31.192
385.69, 	4.300,	35.247,	31.500
386.44, 	4.300,	35.528,	31.627
387.18, 	4.300,	34.020,	30.595
387.92, 	4.300,	34.308,	30.719
388.67, 	4.300,	35.194,	31.213
389.41, 	4.300,	33.905,	30.379
390.16, 	4.300,	33.746,	30.277
390.90, 	4.300,	34.835,	30.931
391.65, 	4.300,	34.086,	30.448
392.39, 	4.300,	33.552,	30.163
393.14, 	4.300,	34.815,	31.012
393.89, 	4.300,	34.677,	30.896
394.64, 	4.300,	33.859,	30.484
395.38, 	4.300,	35.026,	31.347
396.13, 	4.300,	35.533,	31.621
396.88, 	4.300,	34.583,	31.170
397.63, 	4.300,	35.466,	31.915
398.38, 	4.300,	36.950,	32.951
399.12, 	4.300,	35.680,	32.184
399.87, 	4.300,	36.113,	32.680
400.62, 	4.300,	38.059,	34.083
401.37, 	4.300,	37.098,	33.471
402.12, 	4.300,	36.964,	33.633
402.86, 	4.300,	39.167,	35.275
403.62, 	4.300,	38.749,	34.940
404.36, 	4.300,	38.026,	34.768
405.11, 	4.300,	40.155,	36.403
405.85, 	4.300,	40.433,	36.454
406.60, 	4.300,	39.327,	36.095
407.35, 	4.300,	40.927,	37.357
408.10, 	4.300,	42.675,	38.551
408.85, 	4.300,	40.874,	37.583
409.59, 	4.300,	41.490,	38.127
410.34, 	4.300,	44.003,	39.889
411.09, 	4.300,	42.569,	39.085
411.84, 	4.300,	42.035,	38.877
412.59, 	4.300,	44.806,	40.809
413.34, 	4.300,	44.131,	40.327
414.08, 	4.300,	42.657,	39.663
414.83, 	4.300,	45.003,	41.200
415.58, 	4.300,	45.529,	41.408
416.33, 	4.300,	43.523,	40.586
417.08, 	4.300,	44.692,	41.151
417.82, 	4.300,	46.537,	42.281
418.57, 	4.300,	44.571,	41.491
419.31, 	4.300,	44.310,	41.032
420.07, 	4.300,	46.799,	42.613
420.81, 	4.300,	45.541,	42.090
421.56, 	4.300,	43.989,	40.980
422.31, 	4.300,	46.088,	42.104
423.06, 	4.300,	45.810,	41.928
423.81, 	4.300,	43.597,	40.744
424.56, 	4.300,	45.269,	41.541
425.32, 	4.300,	45.975,	41.796
426.07, 	4.300,	43.782,	40.863
426.82, 	4.300,	44.108,	40.688
427.57, 	4.300,	45.768,	41.574
428.32, 	4.300,	44.033,	40.823
429.08, 	4.300,	42.999,	39.835
429.83, 	4.300,	44.992,	40.946
430.58, 	4.300,	44.085,	40.434
431.33, 	4.300,	41.996,	38.968
432.08, 	4.300,	43.640,	39.824
432.83, 	4.300,	43.654,	39.676
433.59, 	4.300,	41.216,	38.151
434.34, 	4.300,	41.906,	38.343
435.09, 	4.300,	42.401,	38.309
435.84, 	4.300,	40.606,	37.335
436.59, 	4.300,	40.077,	36.730
437.35, 	4.300,	41.169,	37.157
438.10, 	4.300,	40.011,	36.445
438.85, 	4.300,	38.494,	35.251
439.60, 	4.300,	39.534,	35.700
440.36, 	4.300,	39.316,	35.475
441.11, 	4.300,	37.270,	34.002
441.86, 	4.300,	37.745,	34.118
442.61, 	4.300,	38.162,	34.177
443.36, 	4.300,	36.398,	33.004
444.12, 	4.300,	36.084,	32.635
444.87, 	4.300,	36.802,	32.856
445.62, 	4.300,	35.802,	32.227
446.37, 	4.300,	34.837,	31.475
447.12, 	4.300,	35.647,	31.832
447.87, 	4.300,	35.392,	31.642
448.63, 	4.300,	34.026,	30.675
449.38, 	4.300,	34.610,	30.957
450.13, 	4.300,	35.136,	31.250
450.88, 	4.300,	33.683,	30.269
451.63, 	4.300,	33.859,	30.352
452.39, 	4.300,	34.855,	30.931
453.14, 	4.300,	33.754,	30.229
453.89, 	4.300,	33.401,	30.012
454.65, 	4.300,	34.644,	30.808
455.40, 	4.300,	34.076,	30.437
456.16, 	4.300,	33.456,	30.118
456.91, 	4.300,	34.740,	31.009
457.67, 	4.300,	34.815,	31.029
458.43, 	4.300,	33.933,	30.589
459.18, 	4.300,	35.052,	31.446
459.93, 	4.300,	35.742,	31.848
460.69, 	4.300,	34.782,	31.390
461.45, 	4.300,	35.567,	32.089
462.21, 	4.300,	37.193,	33.239
462.96, 	4.300,	35.975,	32.490
463.72, 	4.300,	36.257,	32.897
464.47, 	4.300,	38.265,	34.350
465.23, 	4.300,	37.448,	33.824
465.99, 	4.300,	37.114,	33.856
466.74, 	4.300,	39.294,	35.482
467.50, 	4.300,	39.097,	35.282
468.25, 	4.300,	38.179,	34.984
469.01, 	4.300,	40.164,	36.508
469.77, 	4.300,	41.012,	37.018
470.52, 	4.300,	39.483,	36.291
471.28, 	4.300,	40.764,	37.318
472.03, 	4.300,	42.728,	38.647
472.79, 	4.300,	41.018,	37.733
473.54, 	4.300,	41.277,	38.027
474.30, 	4.300,	43.784,	39.747
475.05, 	4.300,	42.644,	39.128
475.81, 	4.300,	41.714,	38.665
476.57, 	4.300,	44.318,	40.424
477.32, 	4.300,	44.040,	40.191
478.08, 	4.300,	42.336,	39.413
478.83, 	4.300,	44.330,	40.652
479.59, 	4.300,	45.370,	41.228
480.35, 	4.300,	43.213,	40.280
481.10, 	4.300,	43.918,	40.521
481.86, 	4.300,	45.942,	41.745
482.61, 	4.300,	44.220,	41.077
483.37, 	4.300,	43.503,	40.378
484.13, 	4.300,	45.951,	41.860
484.89, 	4.300,	45.119,	41.541
485.64, 	4.300,	42.819,	39.914
486.40, 	4.300,	44.979,	41.122
487.16, 	4.300,	45.099,	41.159
487.92, 	4.300,	42.806,	39.960
488.68, 	4.300,	44.087,	40.504
489.44, 	4.300,	45.048,	40.902
490.20, 	4.300,	42.998,	40.013
490.96, 	4.300,	42.908,	39.625
491.72, 	4.300,	44.602,	40.505
492.48, 	4.300,	43.186,	39.875
493.24, 	4.300,	41.798,	38.732
494.00, 	4.300,	43.632,	39.712
494.76, 	4.300,	43.105,	39.386
495.52, 	4.300,	40.879,	37.877
496.28, 	4.300,	42.197,	38.517
497.04, 	4.300,	42.359,	38.371
497.80, 	4.300,	40.193,	37.089
498.56, 	4.300,	40.450,	37.028
499.32, 	4.300,	41.207,	37.187
500.08, 	4.300,	39.643,	36.307
500.83, 	4.300,	38.824,	35.556
501.60, 	4.300,	39.881,	35.974
502.36, 	4.300,	39.082,	35.466
503.12, 	4.300,	37.407,	34.198
503.88, 	4.300,	38.269,	34.549
504.64, 	4.300,	38.408,	34.557
505.40, 	4.300,	36.379,	33.106
506.15, 	4.300,	36.622,	33.094
506.92, 	4.300,	37.044,	33.116
507.68, 	4.300,	35.680,	32.262
508.44, 	4.300,	35.173,	31.795
509.20, 	4.300,	35.972,	32.107
509.96, 	4.300,	35.224,	31.630
510.72, 	4.300,	34.133,	30.820
511.48, 	4.300,	34.924,	31.200
512.24, 	4.300,	34.964,	31.199
513.00, 	4.300,	33.563,	30.229
513.76, 	4.300,	34.052,	30.483
514.51, 	4.300,	34.772,	30.906
515.28, 	4.300,	33.420,	30.007
516.03, 	4.300,	33.486,	30.049
516.80, 	4.300,	34.495,	30.643
517.56, 	4.300,	33.554,	30.043
518.32, 	4.300,	33.211,	29.872
519.09, 	4.300,	34.498,	30.722
519.85, 	4.300,	34.108,	30.466
520.62, 	4.300,	33.425,	30.121
521.38, 	4.300,	34.692,	31.027
522.14, 	4.300,	34.951,	31.164
522.91, 	4.300,	34.032,	30.710
523.67, 	4.300,	35.081,	31.541
524.44, 	4.300,	36.142,	32.245
525.20, 	4.300,	34.977,	31.599
525.97, 	4.300,	35.604,	32.206
526.73, 	4.300,	37.349,	33.438
527.49, 	4.300,	36.231,	32.752
528.25, 	4.300,	36.337,	33.047
529.02, 	4.300,	38.357,	34.504
529.78, 	4.300,	37.716,	34.091
530.55, 	4.300,	37.172,	33.978
531.31, 	4.300,	39.271,	35.540
532.07, 	4.300,	39.304,	35.486
532.84, 	4.300,	38.221,	35.074
533.60, 	4.300,	40.000,	36.443
534.37, 	4.300,	41.303,	37.311
535.13, 	4.300,	39.507,	36.338
535.89, 	4.300,	40.451,	37.116
536.66, 	4.300,	42.510,	38.483
537.42, 	4.300,	40.994,	37.696
538.19, 	4.300,	40.815,	37.689
538.95, 	4.300,	43.293,	39.341
539.72, 	4.300,	42.544,	38.953
540.48, 	4.300,	41.234,	38.268
541.24, 	4.300,	43.594,	39.810
542.00, 	4.300,	43.707,	39.818
542.77, 	4.300,	41.867,	38.975
543.53, 	4.300,	43.472,	39.919
544.30, 	4.300,	44.773,	40.648
545.06, 	4.300,	42.736,	39.772
545.82, 	4.300,	43.001,	39.732
546.59, 	4.300,	45.073,	40.949
547.35, 	4.300,	43.677,	40.449
548.12, 	4.300,	42.562,	39.549
548.88, 	4.300,	44.376,	40.416
549.65, 	4.300,	43.943,	40.300
550.42, 	4.300,	41.905,	39.043
551.18, 	4.300,	43.745,	40.023
551.96, 	4.300,	44.163,	40.168
552.72, 	4.300,	41.935,	39.059
553.49, 	4.300,	42.707,	39.298
554.26, 	4.300,	43.921,	39.838
555.02, 	4.300,	42.114,	39.044
555.79, 	4.300,	41.648,	38.476
556.56, 	4.300,	43.285,	39.295
557.32, 	4.300,	42.222,	38.818
558.10, 	4.300,	40.573,	37.566
558.86, 	4.300,	42.192,	38.400
559.63, 	4.300,	42.030,	38.262
560.40, 	4.300,	39.769,	36.758
561.16, 	4.300,	40.747,	37.193
561.94, 	4.300,	40.988,	37.033
562.70, 	4.300,	39.180,	36.022
563.47, 	4.300,	39.091,	35.767
564.24, 	4.300,	39.968,	36.027
565.00, 	4.300,	38.695,	35.296
565.78, 	4.300,	37.590,	34.391
566.54, 	4.300,	38.618,	34.812
567.31, 	4.300,	38.223,	34.543
568.08, 	4.300,	36.415,	33.216
568.84, 	4.300,	37.089,	33.468
569.61, 	4.300,	37.507,	33.653
570.38, 	4.300,	35.584,	32.290
571.14, 	4.300,	35.607,	32.162
571.92, 	4.300,	36.196,	32.314
572.68, 	4.300,	35.048,	31.602
573.45, 	4.300,	34.378,	31.054
574.22, 	4.300,	35.215,	31.425
574.98, 	4.300,	34.720,	31.107
575.76, 	4.300,	33.561,	30.273
576.52, 	4.300,	34.297,	30.651
577.29, 	4.300,	34.576,	30.807
578.06, 	4.300,	33.202,	29.873
578.82, 	4.300,	33.593,	30.093
579.60, 	4.300,	34.470,	30.615
580.36, 	4.300,	33.241,	29.822
581.14, 	4.300,	33.082,	29.722
581.91, 	4.300,	34.306,	30.499
582.67, 	4.300,	33.529,	30.006
583.44, 	4.300,	33.092,	29.793
584.22, 	4.300,	34.406,	30.683
584.99, 	4.300,	34.187,	30.537
585.77, 	4.300,	33.452,	30.171
586.53, 	4.300,	34.680,	31.071
587.31, 	4.300,	35.105,	31.315
588.08, 	4.300,	34.161,	30.853
588.85, 	4.300,	35.118,	31.639
589.63, 	4.300,	36.469,	32.585
590.39, 	4.300,	35.177,	31.805
591.17, 	4.300,	35.660,	32.323
591.94, 	4.300,	37.449,	33.580
592.71, 	4.300,	36.463,	32.983
593.49, 	4.300,	36.332,	33.116
594.26, 	4.300,	38.362,	34.572
595.03, 	4.300,	37.980,	34.321
595.80, 	4.300,	37.172,	34.031
596.57, 	4.300,	39.140,	35.492
597.34, 	4.300,	39.404,	35.586
598.12, 	4.300,	38.198,	35.085
598.88, 	4.300,	39.720,	36.261
599.66, 	4.300,	41.176,	37.211
600.43, 	4.300,	39.453,	36.289
601.20, 	4.300,	40.035,	36.801
601.98, 	4.300,	42.117,	38.150
602.74, 	4.300,	40.859,	37.534
603.52, 	4.300,	40.291,	37.257
604.29, 	4.300,	42.654,	38.792
605.06, 	4.300,	42.232,	38.595
605.84, 	4.300,	40.702,	37.788
606.60, 	4.300,	42.766,	39.094
607.39, 	4.300,	43.342,	39.390
608.15, 	4.300,	41.346,	38.453
608.93, 	4.300,	42.432,	39.040
609.70, 	4.300,	44.000,	39.912
610.46, 	4.300,	42.188,	39.168
611.23, 	4.300,	42.041,	38.884
612.01, 	4.300,	44.077,	40.037
612.77, 	4.300,	43.027,	39.709
613.56, 	4.300,	41.197,	38.270
614.33, 	4.300,	43.254,	39.412
615.11, 	4.300,	43.142,	39.430
615.88, 	4.300,	41.036,	38.184
616.65, 	4.300,	42.526,	38.940
617.44, 	4.300,	43.121,	39.133
618.21, 	4.300,	41.096,	38.169
618.99, 	4.300,	41.450,	38.168
619.77, 	4.300,	42.762,	38.754
620.53, 	4.300,	41.244,	38.087
621.32, 	4.300,	40.361,	37.304
622.09, 	4.300,	41.986,	38.106
622.87, 	4.300,	41.338,	37.813
623.65, 	4.300,	39.455,	36.471
624.41, 	4.300,	40.828,	37.158
625.19, 	4.300,	40.966,	37.171
625.97, 	4.300,	38.770,	35.727
626.74, 	4.300,	39.412,	35.968
627.53, 	4.300,	39.868,	35.948
628.29, 	4.300,	38.273,	35.054
629.07, 	4.300,	37.882,	34.629
629.85, 	4.300,	38.807,	34.943
630.62, 	4.300,	37.842,	34.383
631.41, 	4.300,	36.549,	33.378
632.18, 	4.300,	37.479,	33.763
632.95, 	4.300,	37.398,	33.685
633.73, 	4.300,	35.576,	32.367
634.50, 	4.300,	36.057,	32.520
635.29, 	4.300,	36.513,	32.657
636.06, 	4.300,	34.924,	31.600
636.84, 	4.300,	34.696,	31.334
637.61, 	4.300,	35.461,	31.629
638.38, 	4.300,	34.533,	31.054
639.16, 	4.300,	33.719,	30.434
639.94, 	4.300,	34.570,	30.846
640.70, 	4.300,	34.312,	30.680
641.49, 	4.300,	33.123,	29.845
642.26, 	4.300,	33.789,	30.209
643.04, 	4.300,	34.272,	30.498
643.82, 	4.300,	32.956,	29.620
644.58, 	4.300,	33.241,	29.800
645.37, 	4.300,	34.163,	30.345
646.14, 	4.300,	33.079,	29.655
646.93, 	4.300,	32.921,	29.598
647.71, 	4.300,	34.199,	30.429
648.48, 	4.300,	33.586,	30.045
649.27, 	4.300,	33.042,	29.778
650.05, 	4.300,	34.380,	30.703
650.83, 	4.300,	34.394,	30.706
651.61, 	4.300,	33.545,	30.278
652.38, 	4.300,	34.716,	31.159
653.16, 	4.300,	35.294,	31.502
653.95, 	4.300,	34.338,	31.036
654.72, 	4.300,	35.180,	31.759
655.51, 	4.300,	36.636,	32.775
656.28, 	4.300,	35.409,	32.035
657.06, 	4.300,	35.723,	32.443
657.85, 	4.300,	37.535,	33.707
658.62, 	4.300,	36.702,	33.214
659.41, 	4.300,	36.360,	33.197
660.18, 	4.300,	38.339,	34.613
660.97, 	4.300,	38.163,	34.488
661.75, 	4.300,	37.176,	34.075
662.52, 	4.300,	38.978,	35.413
663.31, 	4.300,	39.713,	35.860
664.08, 	4.300,	38.187,	35.091
664.87, 	4.300,	39.320,	35.991
665.65, 	4.300,	40.973,	37.038
666.42, 	4.300,	39.405,	36.230
667.20, 	4.300,	39.617,	36.476
667.98, 	4.300,	41.686,	37.783
668.76, 	4.300,	40.703,	37.343
669.55, 	4.300,	39.811,	36.846
670.32, 	4.300,	42.016,	38.246
671.10, 	4.300,	41.901,	38.215
671.89, 	4.300,	40.235,	37.349
672.66, 	4.300,	41.975,	38.416
673.45, 	4.300,	42.886,	38.913
674.22, 	4.300,	40.888,	37.974
675.00, 	4.300,	41.551,	38.275
675.79, 	4.300,	43.224,	39.185
676.56, 	4.300,	41.683,	38.596
677.35, 	4.300,	41.060,	38.035
678.12, 	4.300,	42.761,	38.832
678.91, 	4.300,	42.135,	38.689
679.70, 	4.300,	40.436,	37.553
680.47, 	4.300,	42.269,	38.544
681.25, 	4.300,	42.428,	38.667
682.04, 	4.300,	40.331,	37.466
682.82, 	4.300,	41.454,	37.997
683.62, 	4.300,	42.236,	38.271
684.39, 	4.300,	40.408,	37.418
685.18, 	4.300,	40.379,	37.199
685.96, 	4.300,	41.734,	37.804
686.74, 	4.300,	40.508,	37.268
687.54, 	4.300,	39.337,	36.332
688.31, 	4.300,	40.855,	37.078
689.10, 	4.300,	40.509,	36.917
689.89, 	4.300,	38.544,	35.556
690.66, 	4.300,	39.661,	36.097
691.46, 	4.300,	39.878,	36.040
692.23, 	4.300,	37.966,	34.875
693.02, 	4.300,	38.195,	34.871
693.81, 	4.300,	38.904,	35.023
694.58, 	4.300,	37.543,	34.257
695.36, 	4.300,	36.877,	33.673
696.15, 	4.300,	37.810,	34.015
696.93, 	4.300,	37.139,	33.625
697.73, 	4.300,	35.717,	32.550
698.50, 	4.300,	36.519,	32.880
699.29, 	4.300,	36.713,	32.970
700.07, 	4.300,	34.920,	31.687
700.85, 	4.300,	35.202,	31.735
701.65, 	4.300,	35.679,	31.846
702.42, 	4.300,	34.422,	31.060
703.21, 	4.300,	34.017,	30.697
704.00, 	4.300,	34.854,	31.068
704.77, 	4.300,	34.151,	30.635
705.57, 	4.300,	33.194,	29.939
706.34, 	4.300,	34.056,	30.391
707.13, 	4.300,	34.092,	30.411
707.92, 	4.300,	32.826,	29.546
708.69, 	4.300,	33.407,	29.883
709.47, 	4.300,	34.061,	30.282
710.26, 	4.300,	32.831,	29.480
711.04, 	4.300,	32.954,	29.567
711.84, 	4.300,	34.065,	30.266
712.62, 	4.300,	33.123,	29.675
713.41, 	4.300,	32.863,	29.570
714.20, 	4.300,	34.185,	30.448
714.98, 	4.300,	33.736,	30.172
715.78, 	4.300,	33.123,	29.872
716.56, 	4.300,	34.439,	30.803
717.35, 	4.300,	34.630,	30.917
718.14, 	4.300,	33.725,	30.464
718.92, 	4.300,	34.823,	31.315
719.73, 	4.300,	35.764,	31.942
720.50, 	4.300,	34.595,	31.291
721.30, 	4.300,	35.239,	31.896
722.08, 	4.300,	36.838,	32.994
722.86, 	4.300,	35.714,	32.330
723.65, 	4.300,	35.835,	32.611
724.44, 	4.300,	37.669,	33.882
725.22, 	4.300,	36.999,	33.497
726.03, 	4.300,	36.455,	33.337
726.80, 	4.300,	38.368,	34.705
727.59, 	4.300,	38.395,	34.698
728.38, 	4.300,	37.268,	34.195
729.16, 	4.300,	38.878,	35.396
729.97, 	4.300,	39.961,	36.093
730.74, 	4.300,	38.280,	35.188
731.54, 	4.300,	39.099,	35.856
732.33, 	4.300,	40.843,	36.936
733.10, 	4.300,	39.464,	36.265
733.91, 	4.300,	39.226,	36.193
734.68, 	4.300,	41.365,	37.523
735.48, 	4.300,	40.759,	37.292
736.27, 	4.300,	39.500,	36.581
737.04, 	4.300,	41.526,	37.845
737.83, 	4.300,	41.676,	37.945
738.63, 	4.300,	39.951,	37.073
739.40, 	4.300,	41.349,	37.898
740.21, 	4.300,	42.467,	38.491
740.98, 	4.300,	40.610,	37.661
741.77, 	4.300,	40.873,	37.694
742.57, 	4.300,	42.606,	38.618
743.34, 	4.300,	41.339,	38.180
744.15, 	4.300,	40.202,	37.253
744.93, 	4.300,	42.150,	38.305
745.73, 	4.300,	41.804,	38.270
746.52, 	4.300,	39.946,	37.083
747.30, 	4.300,	41.536,	37.922
748.11, 	4.300,	41.900,	38.047
748.89, 	4.300,	39.888,	36.992
749.69, 	4.300,	40.528,	37.231
750.48, 	4.300,	41.584,	37.647
751.26, 	4.300,	39.968,	36.905
752.06, 	4.300,	39.575,	36.473
752.85, 	4.300,	40.954,	37.094
753.63, 	4.300,	39.996,	36.675
754.45, 	4.300,	38.600,	35.616
755.22, 	4.300,	39.982,	36.295
756.02, 	4.300,	39.911,	36.257
756.82, 	4.300,	37.900,	34.886
757.59, 	4.300,	38.749,	35.273
758.41, 	4.300,	39.008,	35.165
759.19, 	4.300,	37.402,	34.252
759.98, 	4.300,	37.332,	34.064
760.78, 	4.300,	38.141,	34.296
761.56, 	4.300,	37.022,	33.665
762.37, 	4.300,	36.047,	32.886
763.15, 	4.300,	37.012,	33.279
763.95, 	4.300,	36.718,	33.107
764.74, 	4.300,	35.103,	31.922
765.52, 	4.300,	35.750,	32.179
766.31, 	4.300,	36.180,	32.408
767.11, 	4.300,	34.454,	31.184
767.89, 	4.300,	34.523,	31.115
768.70, 	4.300,	35.144,	31.326
769.48, 	4.300,	34.081,	30.674
770.27, 	4.300,	33.503,	30.215
771.07, 	4.300,	34.384,	30.641
771.85, 	4.300,	33.903,	30.349
772.66, 	4.300,	32.867,	29.616
773.44, 	4.300,	33.677,	30.064
774.24, 	4.300,	33.937,	30.225
775.03, 	4.300,	32.672,	29.378
775.81, 	4.300,	33.151,	29.678
776.62, 	4.300,	33.977,	30.176
777.40, 	4.300,	32.815,	29.442
778.21, 	4.300,	32.816,	29.485
779.00, 	4.300,	34.081,	30.298
779.79, 	4.300,	33.287,	29.807
780.58, 	4.300,	32.918,	29.651
781.39, 	4.300,	34.279,	30.573
782.17, 	4.300,	33.992,	30.400
782.99, 	4.300,	33.319,	30.074
783.77, 	4.300,	34.601,	31.006
784.57, 	4.300,	34.966,	31.228
785.37, 	4.300,	34.017,	30.755
786.15, 	4.300,	35.030,	31.570
786.97, 	4.300,	36.232,	32.394
787.75, 	4.300,	34.970,	31.657
788.55, 	4.300,	35.479,	32.181
789.35, 	4.300,	37.150,	33.322
790.13, 	4.300,	36.145,	32.741
790.95, 	4.300,	36.002,	32.843
791.73, 	4.300,	37.923,	34.176
792.53, 	4.300,	37.536,	33.961
793.33, 	4.300,	36.692,	33.607
794.11, 	4.300,	38.533,	34.931
794.91, 	4.300,	38.775,	35.052
795.71, 	4.300,	37.531,	34.473
796.49, 	4.300,	38.930,	35.528
797.31, 	4.300,	40.191,	36.310
798.09, 	4.300,	38.570,	35.468
798.89, 	4.300,	39.072,	35.902
799.69, 	4.300,	40.911,	37.026
800.48, 	4.300,	39.731,	36.491
801.29, 	4.300,	39.160,	36.181
802.08, 	4.300,	41.274,	37.487
802.88, 	4.300,	40.931,	37.392
803.68, 	4.300,	39.452,	36.564
804.46, 	4.300,	41.290,	37.690
805.28, 	4.300,	41.825,	37.978
806.06, 	4.300,	39.944,	37.060
806.86, 	4.300,	40.876,	37.570
807.66, 	4.300,	42.293,	38.312
808.44, 	4.300,	40.610,	37.610
809.24, 	4.300,	40.475,	37.379
