time, 	time_delayed,	Current,	Resistance,	V_res, Hot_spot
0.0025,	-0.2275,	86.0000,	6.0420E-05, 	5.1961E-03, 	10.451
0.0050,	-0.2250,	86.0000,	7.5491E-05, 	6.4922E-03, 	10.863
0.0075,	-0.2225,	86.0000,	7.5535E-05, 	6.4960E-03, 	11.189
0.0100,	-0.2200,	86.0000,	9.0616E-05, 	7.7930E-03, 	11.453
0.0125,	-0.2175,	86.0000,	9.0668E-05, 	7.7974E-03, 	11.673
0.0150,	-0.2150,	86.0000,	1.0574E-04, 	9.0938E-03, 	11.862
0.0175,	-0.2125,	86.0000,	1.0579E-04, 	9.0983E-03, 	12.026
0.0200,	-0.2100,	86.0000,	1.2086E-04, 	1.0394E-02, 	12.171
0.0225,	-0.2075,	86.0000,	1.2091E-04, 	1.0398E-02, 	12.300
0.0250,	-0.2050,	86.0000,	1.3596E-04, 	1.1693E-02, 	12.416
0.0275,	-0.2025,	86.0000,	1.3601E-04, 	1.1697E-02, 	12.521
0.0300,	-0.2000,	86.0000,	1.5106E-04, 	1.2991E-02, 	12.617
0.0325,	-0.1975,	86.0000,	1.5111E-04, 	1.2995E-02, 	12.705
0.0350,	-0.1950,	86.0000,	1.6616E-04, 	1.4289E-02, 	12.786
0.0375,	-0.1925,	86.0000,	1.6620E-04, 	1.4293E-02, 	12.861
0.0400,	-0.1900,	86.0000,	1.8124E-04, 	1.5587E-02, 	12.930
0.0425,	-0.1875,	86.0000,	1.9682E-04, 	1.6927E-02, 	12.995
0.0450,	-0.1850,	86.0000,	1.9686E-04, 	1.6930E-02, 	13.056
0.0475,	-0.1825,	86.0000,	2.1244E-04, 	1.8270E-02, 	13.114
0.0500,	-0.1800,	86.0000,	2.1248E-04, 	1.8273E-02, 	13.167
0.0525,	-0.1775,	86.0000,	2.2758E-04, 	1.9571E-02, 	13.218
0.0550,	-0.1750,	86.0000,	2.2761E-04, 	1.9575E-02, 	13.267
0.0575,	-0.1725,	86.0000,	2.4270E-04, 	2.0872E-02, 	13.312
0.0600,	-0.1700,	86.0000,	2.4274E-04, 	2.0875E-02, 	13.356
0.0625,	-0.1675,	86.0000,	2.5680E-04, 	2.2085E-02, 	13.397
0.0650,	-0.1650,	86.0000,	2.5684E-04, 	2.2088E-02, 	13.437
0.0675,	-0.1625,	86.0000,	2.7090E-04, 	2.3298E-02, 	13.475
0.0700,	-0.1600,	86.0000,	2.7795E-04, 	2.3904E-02, 	13.511
0.0725,	-0.1575,	86.0000,	2.8500E-04, 	2.4510E-02, 	13.546
0.0750,	-0.1550,	86.0000,	2.9906E-04, 	2.5719E-02, 	13.579
0.0775,	-0.1525,	86.0000,	2.9909E-04, 	2.5722E-02, 	13.611
0.0800,	-0.1500,	86.0000,	3.1417E-04, 	2.7019E-02, 	13.642
0.0825,	-0.1475,	86.0000,	3.1420E-04, 	2.7021E-02, 	13.672
0.0850,	-0.1450,	86.0000,	3.2928E-04, 	2.8318E-02, 	13.700
0.0875,	-0.1425,	86.0000,	3.2931E-04, 	2.8321E-02, 	13.728
0.0900,	-0.1400,	86.0000,	3.4485E-04, 	2.9657E-02, 	13.755
0.0925,	-0.1375,	86.0000,	3.4488E-04, 	2.9660E-02, 	13.781
0.0950,	-0.1350,	86.0000,	3.6042E-04, 	3.0996E-02, 	13.806
0.0975,	-0.1325,	86.0000,	3.6045E-04, 	3.0998E-02, 	13.830
0.1000,	-0.1300,	86.0000,	3.7527E-04, 	3.2273E-02, 	13.853
0.1025,	-0.1275,	86.0000,	3.7530E-04, 	3.2276E-02, 	13.876
0.1050,	-0.1250,	86.0000,	3.9012E-04, 	3.3551E-02, 	13.898
0.1075,	-0.1225,	86.0000,	4.0495E-04, 	3.4826E-02, 	13.920
0.1100,	-0.1200,	86.0000,	4.0498E-04, 	3.4828E-02, 	13.941
0.1125,	-0.1175,	86.0000,	4.1980E-04, 	3.6103E-02, 	13.961
0.1150,	-0.1150,	86.0000,	4.1983E-04, 	3.6105E-02, 	13.981
0.1175,	-0.1125,	86.0000,	4.3466E-04, 	3.7380E-02, 	14.001
0.1200,	-0.1100,	86.0000,	4.3468E-04, 	3.7383E-02, 	14.020
0.1225,	-0.1075,	86.0000,	4.4951E-04, 	3.8658E-02, 	14.038
0.1250,	-0.1050,	86.0000,	4.4953E-04, 	3.8660E-02, 	14.056
0.1275,	-0.1025,	86.0000,	4.6436E-04, 	3.9935E-02, 	14.074
0.1300,	-0.1000,	86.0000,	4.6439E-04, 	3.9937E-02, 	14.091
0.1325,	-0.0975,	86.0000,	4.7921E-04, 	4.1212E-02, 	14.108
0.1350,	-0.0950,	86.0000,	4.7924E-04, 	4.1214E-02, 	14.124
0.1375,	-0.0925,	86.0000,	4.9406E-04, 	4.2490E-02, 	14.140
0.1400,	-0.0900,	86.0000,	4.9409E-04, 	4.2492E-02, 	14.156
0.1425,	-0.0875,	86.0000,	5.0892E-04, 	4.3767E-02, 	14.172
0.1450,	-0.0850,	86.0000,	5.1642E-04, 	4.4412E-02, 	14.187
0.1475,	-0.0825,	86.0000,	5.2377E-04, 	4.5044E-02, 	14.201
0.1500,	-0.0800,	86.0000,	5.3860E-04, 	4.6320E-02, 	14.216
0.1525,	-0.0775,	86.0000,	5.3863E-04, 	4.6322E-02, 	14.230
0.1550,	-0.0750,	86.0000,	5.5346E-04, 	4.7597E-02, 	14.244
0.1575,	-0.0725,	86.0000,	5.5349E-04, 	4.7600E-02, 	14.258
0.1600,	-0.0700,	86.0000,	5.6832E-04, 	4.8876E-02, 	14.272
0.1625,	-0.0675,	86.0000,	5.6835E-04, 	4.8878E-02, 	14.285
0.1650,	-0.0650,	86.0000,	5.8319E-04, 	5.0155E-02, 	14.298
0.1675,	-0.0625,	86.0000,	5.8323E-04, 	5.0158E-02, 	14.311
0.1700,	-0.0600,	86.0000,	5.9808E-04, 	5.1435E-02, 	14.323
0.1725,	-0.0575,	86.0000,	5.9813E-04, 	5.1439E-02, 	14.336
0.1750,	-0.0550,	86.0000,	6.1298E-04, 	5.2716E-02, 	14.348
0.1775,	-0.0525,	86.0000,	6.2051E-04, 	5.3364E-02, 	14.360
0.1800,	-0.0500,	86.0000,	6.2788E-04, 	5.3998E-02, 	14.372
0.1825,	-0.0475,	86.0000,	6.3542E-04, 	5.4646E-02, 	14.383
0.1850,	-0.0450,	86.0000,	6.4279E-04, 	5.5280E-02, 	14.395
0.1875,	-0.0425,	86.0000,	6.5032E-04, 	5.5928E-02, 	14.406
0.1900,	-0.0400,	86.0000,	6.5770E-04, 	5.6562E-02, 	14.417
0.1925,	-0.0375,	86.0000,	6.7257E-04, 	5.7841E-02, 	14.428
0.1950,	-0.0350,	86.0000,	6.7262E-04, 	5.7845E-02, 	14.439
0.1975,	-0.0325,	86.0000,	6.8748E-04, 	5.9124E-02, 	14.449
0.2000,	-0.0300,	86.0000,	6.8754E-04, 	5.9128E-02, 	14.460
0.2025,	-0.0275,	86.0000,	7.0240E-04, 	6.0407E-02, 	14.470
0.2050,	-0.0250,	86.0000,	7.0246E-04, 	6.0411E-02, 	14.480
0.2075,	-0.0225,	86.0000,	7.1732E-04, 	6.1690E-02, 	14.490
0.2100,	-0.0200,	86.0000,	7.1738E-04, 	6.1694E-02, 	14.500
0.2125,	-0.0175,	86.0000,	7.3297E-04, 	6.3035E-02, 	14.510
0.2150,	-0.0150,	86.0000,	7.3303E-04, 	6.3040E-02, 	14.520
0.2175,	-0.0125,	86.0000,	7.4862E-04, 	6.4382E-02, 	14.529
0.2200,	-0.0100,	86.0000,	7.5585E-04, 	6.5003E-02, 	14.539
0.2225,	-0.0075,	86.0000,	7.6379E-04, 	6.5686E-02, 	14.548
0.2250,	-0.0050,	86.0000,	7.7101E-04, 	6.6307E-02, 	14.557
0.2275,	-0.0025,	86.0000,	7.7895E-04, 	6.6990E-02, 	14.567
0.2300,	0.00000,	86.0000,	7.8618E-04, 	6.7611E-02, 	14.576
0.2325,	0.00250,	86.0000,	7.9311E-04, 	6.8208E-02, 	14.584
0.2350,	0.00500,	86.0000,	8.0034E-04, 	6.8829E-02, 	14.593
0.2375,	0.00750,	86.0000,	8.1445E-04, 	7.0042E-02, 	14.602
0.2400,	0.01000,	86.0000,	8.2138E-04, 	7.0639E-02, 	14.611
0.2425,	0.01250,	86.0000,	8.2862E-04, 	7.1261E-02, 	14.619
0.2450,	0.01500,	86.0000,	8.3555E-04, 	7.1857E-02, 	14.627
0.2475,	0.01750,	86.0000,	8.4383E-04, 	7.2569E-02, 	14.636
0.2500,	0.02000,	86.0000,	8.5076E-04, 	7.3165E-02, 	14.644
0.2525,	0.02250,	86.0000,	8.5904E-04, 	7.3877E-02, 	14.652
0.2550,	0.02500,	86.0000,	8.6597E-04, 	7.4474E-02, 	14.660
0.2575,	0.02750,	86.0000,	8.7370E-04, 	7.5138E-02, 	14.668
0.2600,	0.03000,	86.0000,	8.8164E-04, 	7.5821E-02, 	14.676
0.2625,	0.03250,	86.0000,	8.8936E-04, 	7.6485E-02, 	14.684
0.2650,	0.03500,	86.0000,	8.9730E-04, 	7.7168E-02, 	14.692
0.2675,	0.03750,	86.0000,	9.0503E-04, 	7.7832E-02, 	14.700
0.2700,	0.04000,	86.0000,	9.2011E-04, 	7.9129E-02, 	14.707
0.2725,	0.04250,	86.0000,	9.2752E-04, 	7.9767E-02, 	14.715
0.2750,	0.04500,	86.0000,	9.3526E-04, 	8.0432E-02, 	14.722
0.2775,	0.04750,	86.0000,	9.4268E-04, 	8.1070E-02, 	14.730
0.2800,	0.05000,	86.0000,	9.5041E-04, 	8.1735E-02, 	14.737
0.2825,	0.05250,	86.0000,	9.5783E-04, 	8.2374E-02, 	14.744
0.2850,	0.05500,	86.0000,	9.6557E-04, 	8.3039E-02, 	14.752
0.2875,	0.05750,	86.0000,	9.7299E-04, 	8.3678E-02, 	14.759
0.2900,	0.06000,	86.0000,	9.8074E-04, 	8.4343E-02, 	14.766
0.2925,	0.06250,	86.0000,	9.8816E-04, 	8.4982E-02, 	14.773
0.2950,	0.06500,	86.0000,	9.9590E-04, 	8.5648E-02, 	14.780
0.2975,	0.06750,	86.0000,	1.0033E-03, 	8.6286E-02, 	14.787
0.3000,	0.07000,	86.0000,	1.0111E-03, 	8.6952E-02, 	14.794
0.3025,	0.07250,	86.0000,	1.0262E-03, 	8.8251E-02, 	14.802
0.3050,	0.07500,	86.0000,	1.0263E-03, 	8.8258E-02, 	14.810
0.3075,	0.07750,	86.0000,	1.0414E-03, 	8.9557E-02, 	14.818
0.3100,	0.08000,	86.0000,	1.0414E-03, 	8.9563E-02, 	14.829
0.3125,	0.08250,	86.0000,	1.0566E-03, 	9.0865E-02, 	14.843
0.3150,	0.08500,	86.0000,	1.0640E-03, 	9.1506E-02, 	14.878
0.3175,	0.08750,	86.0000,	1.0718E-03, 	9.2175E-02, 	14.921
0.3200,	0.09000,	86.0000,	1.0793E-03, 	9.2817E-02, 	14.974
0.3225,	0.09250,	86.0000,	1.1099E-03, 	9.5453E-02, 	15.035
0.3250,	0.09500,	86.0000,	1.1327E-03, 	9.7408E-02, 	15.103
0.3275,	0.09750,	86.0000,	1.1778E-03, 	1.0129E-01, 	15.181
0.3300,	0.10000,	86.0000,	1.2748E-03, 	1.0963E-01, 	15.272
0.3325,	0.10250,	86.0000,	1.3114E-03, 	1.1278E-01, 	15.367
0.3350,	0.10500,	86.0000,	1.3713E-03, 	1.1793E-01, 	15.463
0.3375,	0.10750,	86.0000,	1.3863E-03, 	1.1923E-01, 	15.559
0.3400,	0.11000,	86.0000,	1.4463E-03, 	1.2438E-01, 	15.653
0.3425,	0.11250,	86.0000,	1.4843E-03, 	1.2765E-01, 	15.744
0.3450,	0.11500,	86.0000,	1.5597E-03, 	1.3413E-01, 	15.833
0.3475,	0.11750,	86.0000,	1.6136E-03, 	1.3877E-01, 	15.920
0.3500,	0.12000,	86.0000,	1.7112E-03, 	1.4717E-01, 	16.004
0.3525,	0.12250,	86.0000,	1.7961E-03, 	1.5446E-01, 	16.085
0.3550,	0.12500,	86.0000,	1.9323E-03, 	1.6618E-01, 	16.163
0.3575,	0.12750,	86.0000,	2.0374E-03, 	1.7522E-01, 	16.239
0.3600,	0.13000,	86.0000,	2.1857E-03, 	1.8797E-01, 	16.312
0.3625,	0.13250,	86.0000,	2.3441E-03, 	2.0160E-01, 	16.383
0.3650,	0.13500,	86.0000,	2.4778E-03, 	2.1309E-01, 	16.451
0.3675,	0.13750,	86.0000,	2.6527E-03, 	2.2813E-01, 	16.518
0.3700,	0.14000,	86.0000,	2.8226E-03, 	2.4275E-01, 	16.582
0.3725,	0.14250,	86.0000,	3.0040E-03, 	2.5835E-01, 	16.644
0.3750,	0.14500,	86.0000,	3.2219E-03, 	2.7708E-01, 	16.704
0.3775,	0.14750,	86.0000,	3.4365E-03, 	2.9554E-01, 	16.763
0.3800,	0.15000,	86.0000,	3.7274E-03, 	3.2055E-01, 	16.819
0.3825,	0.15250,	86.0000,	3.9673E-03, 	3.4119E-01, 	16.875
0.3850,	0.15500,	85.8630,	4.2680E-03, 	3.6646E-01, 	16.928
0.3875,	0.15750,	85.7262,	4.5717E-03, 	3.9191E-01, 	16.978
0.3900,	0.16000,	85.6035,	4.8806E-03, 	4.1780E-01, 	17.027
0.3925,	0.16250,	85.4673,	5.2233E-03, 	4.4642E-01, 	17.074
0.3950,	0.16500,	85.3314,	5.6293E-03, 	4.8035E-01, 	17.119
0.3975,	0.16750,	85.1958,	5.9048E-03, 	5.0307E-01, 	17.162
0.4000,	0.17000,	85.0604,	6.3567E-03, 	5.4071E-01, 	17.204
0.4025,	0.17250,	84.9254,	6.7306E-03, 	5.7160E-01, 	17.244
0.4050,	0.17500,	84.7906,	7.2311E-03, 	6.1313E-01, 	17.283
0.4075,	0.17750,	84.6561,	7.6491E-03, 	6.4754E-01, 	17.322
0.4100,	0.18000,	84.5218,	8.1400E-03, 	6.8800E-01, 	17.363
0.4125,	0.18250,	84.3879,	8.5679E-03, 	7.2303E-01, 	17.425
0.4150,	0.18500,	84.2542,	9.0865E-03, 	7.6557E-01, 	17.499
0.4175,	0.18750,	84.1207,	9.5561E-03, 	8.0387E-01, 	17.585
0.4200,	0.19000,	83.9875,	1.0198E-02, 	8.5649E-01, 	17.691
0.4225,	0.19250,	83.8546,	1.0768E-02, 	9.0298E-01, 	17.801
0.4250,	0.19500,	83.7220,	1.1349E-02, 	9.5017E-01, 	17.912
0.4275,	0.19750,	83.5896,	1.1968E-02, 	1.0004E+00, 	18.024
0.4300,	0.20000,	83.4574,	1.2616E-02, 	1.0529E+00, 	18.135
0.4325,	0.20250,	83.3255,	1.3355E-02, 	1.1128E+00, 	18.246
0.4350,	0.20500,	83.1939,	1.4053E-02, 	1.1691E+00, 	18.356
0.4375,	0.20750,	83.0625,	1.4749E-02, 	1.2251E+00, 	18.466
0.4400,	0.21000,	82.9444,	1.5500E-02, 	1.2856E+00, 	18.577
0.4425,	0.21250,	82.8135,	1.6280E-02, 	1.3482E+00, 	18.688
0.4450,	0.21500,	82.6827,	1.7126E-02, 	1.4160E+00, 	18.800
0.4475,	0.21750,	82.5523,	1.7955E-02, 	1.4822E+00, 	18.913
0.4500,	0.22000,	82.4220,	1.8821E-02, 	1.5512E+00, 	19.028
0.4525,	0.22250,	82.2920,	1.9611E-02, 	1.6138E+00, 	19.144
0.4550,	0.22500,	82.1622,	2.0590E-02, 	1.6917E+00, 	19.261
0.4575,	0.22750,	82.0326,	2.1658E-02, 	1.7766E+00, 	19.380
0.4600,	0.23000,	81.9032,	2.2612E-02, 	1.8520E+00, 	19.499
0.4625,	0.23250,	81.7741,	2.3675E-02, 	1.9360E+00, 	19.620
0.4650,	0.23500,	81.6451,	2.4667E-02, 	2.0140E+00, 	19.741
0.4675,	0.23750,	81.5164,	2.5765E-02, 	2.1002E+00, 	19.862
0.4700,	0.24000,	81.3879,	2.6776E-02, 	2.1793E+00, 	19.984
0.4725,	0.24250,	81.2596,	2.7902E-02, 	2.2673E+00, 	20.107
0.4750,	0.24500,	81.1315,	2.9032E-02, 	2.3554E+00, 	20.229
0.4775,	0.24750,	81.0036,	3.0177E-02, 	2.4444E+00, 	20.351
0.4800,	0.25000,	80.8759,	3.1471E-02, 	2.5453E+00, 	20.473
0.4825,	0.25250,	80.7484,	3.2772E-02, 	2.6463E+00, 	20.595
0.4850,	0.25500,	80.6211,	3.4097E-02, 	2.7489E+00, 	20.716
0.4875,	0.25750,	80.4940,	3.5274E-02, 	2.8393E+00, 	20.836
0.4900,	0.26000,	80.3798,	3.6707E-02, 	2.9505E+00, 	20.956
0.4925,	0.26250,	80.2530,	3.7901E-02, 	3.0416E+00, 	21.075
0.4950,	0.26500,	80.1264,	3.9403E-02, 	3.1572E+00, 	21.194
0.4975,	0.26750,	80.0000,	4.0846E-02, 	3.2677E+00, 	21.312
0.5000,	0.27000,	79.8864,	4.2503E-02, 	3.3954E+00, 	21.429
0.5025,	0.27250,	79.7730,	4.3986E-02, 	3.5089E+00, 	21.545
0.5050,	0.27500,	79.6596,	4.5663E-02, 	3.6375E+00, 	21.661
0.5075,	0.27750,	79.5464,	4.7219E-02, 	3.7561E+00, 	21.776
0.5100,	0.28000,	79.4333,	4.8839E-02, 	3.8794E+00, 	21.890
0.5125,	0.28250,	79.3204,	5.0372E-02, 	3.9955E+00, 	22.004
0.5150,	0.28500,	79.2075,	5.2049E-02, 	4.1227E+00, 	22.118
0.5175,	0.28750,	79.0948,	5.3527E-02, 	4.2337E+00, 	22.231
0.5200,	0.29000,	78.9823,	5.5223E-02, 	4.3616E+00, 	22.343
0.5225,	0.29250,	78.8698,	5.6774E-02, 	4.4778E+00, 	22.454
0.5250,	0.29500,	78.7575,	5.8574E-02, 	4.6132E+00, 	22.565
0.5275,	0.29750,	78.6452,	6.0215E-02, 	4.7356E+00, 	22.675
0.5300,	0.30000,	78.5207,	6.2162E-02, 	4.8810E+00, 	22.784
0.5325,	0.30250,	78.4087,	6.3765E-02, 	4.9998E+00, 	22.892
0.5350,	0.30500,	78.2844,	6.5669E-02, 	5.1409E+00, 	22.999
0.5375,	0.30750,	78.1727,	6.7209E-02, 	5.2539E+00, 	23.106
0.5400,	0.31000,	78.0487,	6.9125E-02, 	5.3951E+00, 	23.211
0.5425,	0.31250,	77.9372,	7.0651E-02, 	5.5063E+00, 	23.316
0.5450,	0.31500,	77.8135,	7.2571E-02, 	5.6470E+00, 	23.419
0.5475,	0.31750,	77.7024,	7.4190E-02, 	5.7647E+00, 	23.522
0.5500,	0.32000,	77.5789,	7.6108E-02, 	5.9044E+00, 	23.624
0.5525,	0.32250,	77.4680,	7.7878E-02, 	6.0330E+00, 	23.725
0.5550,	0.32500,	77.3449,	7.9725E-02, 	6.1663E+00, 	23.825
0.5575,	0.32750,	77.2342,	8.1643E-02, 	6.3056E+00, 	23.925
0.5600,	0.33000,	77.1236,	8.3564E-02, 	6.4448E+00, 	24.023
0.5625,	0.33250,	77.0131,	8.5393E-02, 	6.5764E+00, 	24.121
0.5650,	0.33500,	76.8905,	8.7361E-02, 	6.7172E+00, 	24.218
0.5675,	0.33750,	76.7803,	8.9157E-02, 	6.8455E+00, 	24.314
0.5700,	0.34000,	76.6702,	9.1197E-02, 	6.9921E+00, 	24.410
0.5725,	0.34250,	76.5602,	9.3003E-02, 	7.1204E+00, 	24.505
0.5750,	0.34500,	76.4503,	9.5071E-02, 	7.2682E+00, 	24.599
0.5775,	0.34750,	76.3405,	9.6803E-02, 	7.3900E+00, 	24.693
0.5800,	0.35000,	76.2308,	9.8889E-02, 	7.5384E+00, 	24.785
0.5825,	0.35250,	76.1213,	1.0077E-01, 	7.6705E+00, 	24.877
0.5850,	0.35500,	75.9996,	1.0270E-01, 	7.8051E+00, 	24.969
0.5875,	0.35750,	75.8904,	1.0305E-01, 	7.8204E+00, 	25.058
0.5900,	0.36000,	75.7813,	1.0497E-01, 	7.9545E+00, 	25.146
0.5925,	0.36250,	75.6723,	1.0708E-01, 	8.1033E+00, 	25.234
0.5950,	0.36500,	75.5634,	1.0892E-01, 	8.2304E+00, 	25.321
0.5975,	0.36750,	75.4546,	1.1113E-01, 	8.3855E+00, 	25.407
0.6000,	0.37000,	75.3458,	1.1306E-01, 	8.5189E+00, 	25.492
0.6025,	0.37250,	75.2372,	1.1526E-01, 	8.6720E+00, 	25.577
0.6050,	0.37500,	75.1167,	1.1712E-01, 	8.7977E+00, 	25.661
0.6075,	0.37750,	75.0083,	1.1947E-01, 	8.9613E+00, 	25.745
0.6100,	0.38000,	74.8880,	1.2138E-01, 	9.0898E+00, 	25.828
0.6125,	0.38250,	74.7798,	1.2353E-01, 	9.2379E+00, 	25.911
0.6150,	0.38500,	74.6598,	1.2549E-01, 	9.3693E+00, 	25.992
0.6175,	0.38750,	74.5518,	1.2753E-01, 	9.5078E+00, 	26.074
0.6200,	0.39000,	74.4320,	1.2968E-01, 	9.6526E+00, 	26.154
0.6225,	0.39250,	74.3244,	1.3165E-01, 	9.7851E+00, 	26.234
0.6250,	0.39500,	74.2048,	1.3379E-01, 	9.9278E+00, 	26.314
0.6275,	0.39750,	74.0974,	1.3591E-01, 	1.0070E+01, 	26.392
0.6300,	0.40000,	73.9781,	1.3804E-01, 	1.0212E+01, 	26.471
0.6325,	0.40250,	73.8708,	1.4022E-01, 	1.0358E+01, 	26.548
0.6350,	0.40500,	73.7518,	1.4235E-01, 	1.0499E+01, 	26.625
0.6375,	0.40750,	73.6448,	1.4448E-01, 	1.0640E+01, 	26.702
0.6400,	0.41000,	73.5379,	1.4655E-01, 	1.0777E+01, 	26.778
0.6425,	0.41250,	73.4311,	1.4868E-01, 	1.0918E+01, 	26.854
0.6450,	0.41500,	73.3244,	1.5079E-01, 	1.1057E+01, 	26.929
0.6475,	0.41750,	73.2178,	1.5284E-01, 	1.1190E+01, 	27.003
0.6500,	0.42000,	73.1113,	1.5511E-01, 	1.1340E+01, 	27.077
0.6525,	0.42250,	73.0049,	1.5704E-01, 	1.1465E+01, 	27.151
0.6550,	0.42500,	72.8986,	1.5917E-01, 	1.1603E+01, 	27.224
0.6575,	0.42750,	72.7925,	1.6121E-01, 	1.1735E+01, 	27.296
0.6600,	0.43000,	72.6864,	1.6324E-01, 	1.1865E+01, 	27.368
0.6625,	0.43250,	72.5805,	1.6530E-01, 	1.1997E+01, 	27.440
0.6650,	0.43500,	72.4746,	1.6726E-01, 	1.2122E+01, 	27.511
0.6675,	0.43750,	72.3689,	1.6936E-01, 	1.2256E+01, 	27.582
0.6700,	0.44000,	72.2633,	1.7121E-01, 	1.2373E+01, 	27.652
0.6725,	0.44250,	72.1578,	1.7312E-01, 	1.2492E+01, 	27.722
0.6750,	0.44500,	72.0524,	1.7495E-01, 	1.2606E+01, 	27.791
0.6775,	0.44750,	71.9472,	1.7687E-01, 	1.2725E+01, 	27.860
0.6800,	0.45000,	71.8303,	1.7868E-01, 	1.2835E+01, 	27.928
0.6825,	0.45250,	71.7253,	1.8053E-01, 	1.2949E+01, 	27.996
0.6850,	0.45500,	71.6088,	1.8235E-01, 	1.3058E+01, 	28.064
0.6875,	0.45750,	71.5041,	1.8411E-01, 	1.3165E+01, 	28.131
0.6900,	0.46000,	71.3879,	1.8607E-01, 	1.3283E+01, 	28.198
0.6925,	0.46250,	71.2835,	1.8789E-01, 	1.3393E+01, 	28.264
0.6950,	0.46500,	71.1676,	1.8970E-01, 	1.3501E+01, 	28.330
0.6975,	0.46750,	71.0634,	1.9145E-01, 	1.3605E+01, 	28.396
0.7000,	0.47000,	70.9478,	1.9341E-01, 	1.3722E+01, 	28.461
0.7025,	0.47250,	70.8439,	1.9508E-01, 	1.3821E+01, 	28.525
0.7050,	0.47500,	70.7287,	1.9686E-01, 	1.3923E+01, 	28.590
0.7075,	0.47750,	70.6251,	1.9849E-01, 	1.4019E+01, 	28.654
0.7100,	0.48000,	70.5101,	2.0032E-01, 	1.4125E+01, 	28.717
0.7125,	0.48250,	70.4069,	2.0213E-01, 	1.4231E+01, 	28.780
0.7150,	0.48500,	70.2922,	2.0394E-01, 	1.4336E+01, 	28.843
0.7175,	0.48750,	70.1892,	2.0571E-01, 	1.4439E+01, 	28.905
0.7200,	0.49000,	70.0863,	2.0752E-01, 	1.4545E+01, 	28.967
0.7225,	0.49250,	69.9836,	2.0918E-01, 	1.4639E+01, 	29.029
0.7250,	0.49500,	69.8696,	2.1097E-01, 	1.4740E+01, 	29.090
0.7275,	0.49750,	69.7671,	2.1263E-01, 	1.4835E+01, 	29.151
0.7300,	0.50000,	69.6648,	2.1434E-01, 	1.4932E+01, 	29.211
0.7325,	0.50250,	69.5627,	2.1604E-01, 	1.5028E+01, 	29.271
0.7350,	0.50500,	69.4607,	2.1771E-01, 	1.5122E+01, 	29.331
0.7375,	0.50750,	69.3588,	2.1929E-01, 	1.5209E+01, 	29.391
0.7400,	0.51000,	69.2570,	2.2090E-01, 	1.5299E+01, 	29.450
0.7425,	0.51250,	69.1554,	2.2261E-01, 	1.5395E+01, 	29.509
0.7450,	0.51500,	69.0540,	2.2418E-01, 	1.5481E+01, 	29.567
0.7475,	0.51750,	68.9527,	2.2579E-01, 	1.5569E+01, 	29.626
0.7500,	0.52000,	68.8515,	2.2734E-01, 	1.5653E+01, 	29.685
0.7525,	0.52250,	68.7505,	2.2892E-01, 	1.5739E+01, 	29.743
0.7550,	0.52500,	68.6496,	2.3053E-01, 	1.5826E+01, 	29.801
0.7575,	0.52750,	68.5489,	2.3187E-01, 	1.5894E+01, 	29.859
0.7600,	0.53000,	68.4371,	2.3348E-01, 	1.5979E+01, 	29.916
0.7625,	0.53250,	68.3367,	2.3499E-01, 	1.6058E+01, 	29.973
0.7650,	0.53500,	68.2253,	2.3650E-01, 	1.6135E+01, 	30.030
0.7675,	0.53750,	68.1252,	2.3798E-01, 	1.6212E+01, 	30.086
0.7700,	0.54000,	68.0142,	2.3950E-01, 	1.6289E+01, 	30.142
0.7725,	0.54250,	67.9144,	2.4100E-01, 	1.6367E+01, 	30.198
0.7750,	0.54500,	67.8037,	2.4240E-01, 	1.6436E+01, 	30.253
0.7775,	0.54750,	67.7043,	2.4380E-01, 	1.6506E+01, 	30.308
0.7800,	0.55000,	67.5940,	2.4538E-01, 	1.6586E+01, 	30.363
0.7825,	0.55250,	67.4949,	2.4670E-01, 	1.6651E+01, 	30.418
0.7850,	0.55500,	67.3850,	2.4816E-01, 	1.6722E+01, 	30.472
0.7875,	0.55750,	67.2862,	2.4954E-01, 	1.6791E+01, 	30.526
0.7900,	0.56000,	67.1767,	2.5095E-01, 	1.6858E+01, 	30.580
0.7925,	0.56250,	67.0782,	2.5235E-01, 	1.6927E+01, 	30.633
0.7950,	0.56500,	66.9800,	2.5369E-01, 	1.6992E+01, 	30.686
0.7975,	0.56750,	66.8818,	2.5510E-01, 	1.7062E+01, 	30.739
0.8000,	0.57000,	66.7839,	2.5636E-01, 	1.7121E+01, 	30.791
0.8025,	0.57250,	66.6861,	2.5785E-01, 	1.7195E+01, 	30.844
0.8050,	0.57500,	66.5884,	2.5917E-01, 	1.7258E+01, 	30.895
0.8075,	0.57750,	66.4909,	2.6049E-01, 	1.7320E+01, 	30.947
0.8100,	0.58000,	66.3935,	2.6188E-01, 	1.7387E+01, 	30.999
0.8125,	0.58250,	66.2963,	2.6329E-01, 	1.7455E+01, 	31.050
0.8150,	0.58500,	66.1993,	2.6449E-01, 	1.7509E+01, 	31.101
0.8175,	0.58750,	66.1024,	2.6577E-01, 	1.7568E+01, 	31.151
0.8200,	0.59000,	65.9949,	2.6718E-01, 	1.7633E+01, 	31.202
0.8225,	0.59250,	65.8986,	2.6273E-01, 	1.7313E+01, 	31.251
0.8250,	0.59500,	65.8025,	2.6397E-01, 	1.7370E+01, 	31.300
0.8275,	0.59750,	65.7066,	2.6530E-01, 	1.7432E+01, 	31.349
0.8300,	0.60000,	65.6107,	2.6651E-01, 	1.7486E+01, 	31.397
0.8325,	0.60250,	65.5151,	2.6778E-01, 	1.7544E+01, 	31.445
0.8350,	0.60500,	65.4090,	2.6912E-01, 	1.7603E+01, 	31.493
0.8375,	0.60750,	65.3136,	2.7032E-01, 	1.7656E+01, 	31.541
0.8400,	0.61000,	65.2078,	2.7160E-01, 	1.7710E+01, 	31.589
0.8425,	0.61250,	65.1128,	2.7286E-01, 	1.7767E+01, 	31.636
0.8450,	0.61500,	65.0074,	2.7419E-01, 	1.7824E+01, 	31.683
0.8475,	0.61750,	64.9127,	2.7538E-01, 	1.7876E+01, 	31.729
0.8500,	0.62000,	64.8077,	2.7658E-01, 	1.7925E+01, 	31.776
0.8525,	0.62250,	64.7133,	2.7777E-01, 	1.7975E+01, 	31.822
0.8550,	0.62500,	64.6086,	2.7908E-01, 	1.8031E+01, 	31.868
0.8575,	0.62750,	64.5146,	2.8028E-01, 	1.8082E+01, 	31.914
0.8600,	0.63000,	64.4103,	2.8142E-01, 	1.8126E+01, 	31.959
0.8625,	0.63250,	64.3166,	2.8266E-01, 	1.8180E+01, 	32.005
0.8650,	0.63500,	64.2126,	2.8387E-01, 	1.8228E+01, 	32.050
0.8675,	0.63750,	64.1192,	2.8501E-01, 	1.8275E+01, 	32.094
0.8700,	0.64000,	64.0260,	2.8622E-01, 	1.8325E+01, 	32.139
0.8725,	0.64250,	63.9329,	2.8738E-01, 	1.8373E+01, 	32.184
0.8750,	0.64500,	63.8399,	2.8858E-01, 	1.8423E+01, 	32.228
0.8775,	0.64750,	63.7471,	2.8984E-01, 	1.8476E+01, 	32.272
0.8800,	0.65000,	63.6545,	2.9101E-01, 	1.8524E+01, 	32.316
0.8825,	0.65250,	63.5620,	2.9213E-01, 	1.8569E+01, 	32.359
0.8850,	0.65500,	63.4697,	2.9334E-01, 	1.8618E+01, 	32.403
0.8875,	0.65750,	63.3774,	2.9448E-01, 	1.8664E+01, 	32.446
0.8900,	0.66000,	63.2854,	2.9563E-01, 	1.8709E+01, 	32.489
0.8925,	0.66250,	63.1935,	2.9682E-01, 	1.8757E+01, 	32.532
0.8950,	0.66500,	63.1017,	2.9789E-01, 	1.8797E+01, 	32.574
0.8975,	0.66750,	63.0101,	2.9907E-01, 	1.8844E+01, 	32.617
0.9000,	0.67000,	62.9186,	3.0024E-01, 	1.8891E+01, 	32.659
0.9025,	0.67250,	62.8273,	3.0128E-01, 	1.8929E+01, 	32.701
0.9050,	0.67500,	62.7362,	3.0245E-01, 	1.8975E+01, 	32.743
0.9075,	0.67750,	62.6451,	3.0357E-01, 	1.9017E+01, 	32.785
0.9100,	0.68000,	62.5442,	3.0465E-01, 	1.9054E+01, 	32.826
0.9125,	0.68250,	62.4534,	3.0580E-01, 	1.9098E+01, 	32.867
0.9150,	0.68500,	62.3528,	3.0689E-01, 	1.9135E+01, 	32.909
0.9175,	0.68750,	62.2624,	3.0794E-01, 	1.9173E+01, 	32.950
0.9200,	0.69000,	62.1621,	3.0906E-01, 	1.9212E+01, 	32.990
0.9225,	0.69250,	62.0720,	3.1015E-01, 	1.9251E+01, 	33.031
0.9250,	0.69500,	61.9721,	3.1126E-01, 	1.9289E+01, 	33.071
0.9275,	0.69750,	61.8823,	3.1237E-01, 	1.9330E+01, 	33.111
0.9300,	0.70000,	61.7827,	3.1352E-01, 	1.9370E+01, 	33.151
0.9325,	0.70250,	61.6933,	3.1452E-01, 	1.9403E+01, 	33.191
0.9350,	0.70500,	61.5940,	3.1558E-01, 	1.9438E+01, 	33.231
0.9375,	0.70750,	61.5049,	3.1671E-01, 	1.9479E+01, 	33.270
0.9400,	0.71000,	61.4060,	3.1779E-01, 	1.9514E+01, 	33.310
0.9425,	0.71250,	61.3172,	3.1883E-01, 	1.9550E+01, 	33.349
0.9450,	0.71500,	61.2285,	3.1994E-01, 	1.9589E+01, 	33.388
0.9475,	0.71750,	61.1400,	3.2100E-01, 	1.9626E+01, 	33.427
0.9500,	0.72000,	61.0516,	3.2201E-01, 	1.9659E+01, 	33.465
0.9525,	0.72250,	60.9634,	3.2312E-01, 	1.9699E+01, 	33.504
0.9550,	0.72500,	60.8754,	3.2415E-01, 	1.9733E+01, 	33.542
0.9575,	0.72750,	60.7875,	3.2523E-01, 	1.9770E+01, 	33.580
0.9600,	0.73000,	60.6900,	3.2633E-01, 	1.9805E+01, 	33.618
0.9625,	0.73250,	60.6025,	3.2739E-01, 	1.9841E+01, 	33.656
0.9650,	0.73500,	60.5151,	3.2848E-01, 	1.9878E+01, 	33.693
0.9675,	0.73750,	60.4279,	3.2954E-01, 	1.9913E+01, 	33.731
0.9700,	0.74000,	60.3409,	3.3058E-01, 	1.9947E+01, 	33.768
0.9725,	0.74250,	60.2540,	3.3168E-01, 	1.9985E+01, 	33.805
0.9750,	0.74500,	60.1673,	3.3266E-01, 	2.0015E+01, 	33.842
0.9775,	0.74750,	60.0808,	3.3371E-01, 	2.0049E+01, 	33.879
0.9800,	0.75000,	59.9944,	3.3477E-01, 	2.0084E+01, 	33.916
0.9825,	0.75250,	59.9082,	3.3580E-01, 	2.0117E+01, 	33.952
0.9850,	0.75500,	59.8127,	3.3697E-01, 	2.0155E+01, 	33.989
0.9875,	0.75750,	59.7269,	3.3798E-01, 	2.0186E+01, 	34.025
0.9900,	0.76000,	59.6317,	3.3897E-01, 	2.0213E+01, 	34.061
0.9925,	0.76250,	59.5463,	3.4011E-01, 	2.0252E+01, 	34.097
0.9950,	0.76500,	59.4516,	3.4116E-01, 	2.0282E+01, 	34.133
0.9975,	0.76750,	59.3666,	3.4224E-01, 	2.0318E+01, 	34.168
1.0000,	0.77000,	59.2723,	3.4327E-01, 	2.0347E+01, 	34.204
1.0025,	0.77250,	59.1877,	3.4444E-01, 	2.0387E+01, 	34.239
1.0050,	0.77500,	59.1032,	3.4540E-01, 	2.0414E+01, 	34.274
1.0075,	0.77750,	59.0190,	3.4649E-01, 	2.0450E+01, 	34.309
1.0100,	0.78000,	58.9349,	3.4764E-01, 	2.0488E+01, 	34.344
1.0125,	0.78250,	58.8510,	3.4864E-01, 	2.0518E+01, 	34.379
1.0150,	0.78500,	58.7673,	3.4966E-01, 	2.0549E+01, 	34.413
1.0175,	0.78750,	58.6838,	3.5075E-01, 	2.0583E+01, 	34.448
1.0200,	0.79000,	58.6005,	3.5182E-01, 	2.0617E+01, 	34.482
1.0225,	0.79250,	58.5174,	3.5281E-01, 	2.0645E+01, 	34.516
1.0250,	0.79500,	58.4345,	3.5389E-01, 	2.0679E+01, 	34.550
1.0275,	0.79750,	58.3518,	3.5500E-01, 	2.0715E+01, 	34.584
1.0300,	0.80000,	58.2692,	3.5603E-01, 	2.0745E+01, 	34.618
1.0325,	0.80250,	58.1778,	3.5709E-01, 	2.0775E+01, 	34.651
1.0350,	0.80500,	58.0957,	3.5812E-01, 	2.0805E+01, 	34.685
1.0375,	0.80750,	58.0137,	3.5916E-01, 	2.0836E+01, 	34.718
1.0400,	0.81000,	57.9320,	3.6017E-01, 	2.0865E+01, 	34.751
1.0425,	0.81250,	57.8505,	3.6125E-01, 	2.0899E+01, 	34.784
1.0450,	0.81500,	57.7692,	3.6232E-01, 	2.0931E+01, 	34.817
1.0475,	0.81750,	57.6881,	3.6334E-01, 	2.0960E+01, 	34.850
1.0500,	0.82000,	57.6072,	3.6440E-01, 	2.0992E+01, 	34.883
1.0525,	0.82250,	57.5176,	3.6540E-01, 	2.1017E+01, 	34.915
1.0550,	0.82500,	57.4371,	3.6646E-01, 	2.1048E+01, 	34.948
1.0575,	0.82750,	57.3569,	3.6751E-01, 	2.1079E+01, 	34.980
1.0600,	0.83000,	57.2768,	3.6854E-01, 	2.1109E+01, 	35.012
1.0625,	0.83250,	57.1881,	3.6957E-01, 	2.1135E+01, 	35.044
1.0650,	0.83500,	57.1085,	3.7055E-01, 	2.1161E+01, 	35.076
1.0675,	0.83750,	57.0291,	3.7165E-01, 	2.1195E+01, 	35.108
1.0700,	0.84000,	56.9499,	3.7263E-01, 	2.1221E+01, 	35.140
1.0725,	0.84250,	56.8621,	3.7366E-01, 	2.1247E+01, 	35.171
1.0750,	0.84500,	56.7833,	3.7465E-01, 	2.1274E+01, 	35.203
1.0775,	0.84750,	56.7048,	3.7569E-01, 	2.1303E+01, 	35.234
1.0800,	0.85000,	56.6265,	3.7667E-01, 	2.1330E+01, 	35.265
1.0825,	0.85250,	56.5397,	3.7767E-01, 	2.1353E+01, 	35.296
1.0850,	0.85500,	56.4618,	3.7872E-01, 	2.1383E+01, 	35.328
1.0875,	0.85750,	56.3841,	3.7968E-01, 	2.1408E+01, 	35.358
1.0900,	0.86000,	56.3067,	3.8068E-01, 	2.1435E+01, 	35.389
1.0925,	0.86250,	56.2209,	3.8167E-01, 	2.1458E+01, 	35.420
1.0950,	0.86500,	56.1439,	3.8269E-01, 	2.1485E+01, 	35.451
1.0975,	0.86750,	56.0671,	3.8359E-01, 	2.1507E+01, 	35.481
1.1000,	0.87000,	55.9820,	3.8465E-01, 	2.1533E+01, 	35.511
1.1025,	0.87250,	55.8975,	3.7810E-01, 	2.1135E+01, 	35.541
1.1050,	0.87500,	55.8217,	3.7905E-01, 	2.1159E+01, 	35.571
1.1075,	0.87750,	55.7377,	3.7997E-01, 	2.1179E+01, 	35.601
1.1100,	0.88000,	55.6624,	3.8088E-01, 	2.1201E+01, 	35.630
1.1125,	0.88250,	55.5789,	3.8191E-01, 	2.1226E+01, 	35.659
1.1150,	0.88500,	55.5040,	3.8284E-01, 	2.1249E+01, 	35.689
1.1175,	0.88750,	55.4211,	3.8375E-01, 	2.1268E+01, 	35.718
1.1200,	0.89000,	55.3466,	3.8468E-01, 	2.1291E+01, 	35.747
1.1225,	0.89250,	55.2642,	3.8566E-01, 	2.1313E+01, 	35.776
1.1250,	0.89500,	55.1902,	3.8654E-01, 	2.1333E+01, 	35.804
1.1275,	0.89750,	55.1082,	3.8745E-01, 	2.1352E+01, 	35.833
1.1300,	0.90000,	55.0347,	3.8838E-01, 	2.1374E+01, 	35.862
1.1325,	0.90250,	54.9533,	3.8935E-01, 	2.1396E+01, 	35.890
1.1350,	0.90500,	54.8802,	3.9023E-01, 	2.1416E+01, 	35.919
1.1375,	0.90750,	54.8074,	3.9109E-01, 	2.1435E+01, 	35.947
1.1400,	0.91000,	54.7267,	3.9204E-01, 	2.1455E+01, 	35.975
1.1425,	0.91250,	54.6543,	3.9300E-01, 	2.1479E+01, 	36.003
1.1450,	0.91500,	54.5822,	3.9386E-01, 	2.1498E+01, 	36.031
1.1475,	0.91750,	54.5102,	3.9473E-01, 	2.1517E+01, 	36.059
1.1500,	0.92000,	54.4385,	3.9567E-01, 	2.1539E+01, 	36.087
1.1525,	0.92250,	54.3670,	3.9659E-01, 	2.1562E+01, 	36.115
1.1550,	0.92500,	54.2957,	3.9742E-01, 	2.1578E+01, 	36.142
1.1575,	0.92750,	54.2246,	3.9834E-01, 	2.1600E+01, 	36.170
1.1600,	0.93000,	54.1537,	3.9927E-01, 	2.1622E+01, 	36.197
1.1625,	0.93250,	54.0830,	4.0008E-01, 	2.1638E+01, 	36.225
1.1650,	0.93500,	54.0126,	4.0091E-01, 	2.1654E+01, 	36.252
1.1675,	0.93750,	53.9424,	4.0185E-01, 	2.1677E+01, 	36.279
1.1700,	0.94000,	53.8723,	4.0279E-01, 	2.1699E+01, 	36.306
1.1725,	0.94250,	53.8025,	4.0359E-01, 	2.1714E+01, 	36.333
1.1750,	0.94500,	53.7329,	4.0440E-01, 	2.1730E+01, 	36.360
1.1775,	0.94750,	53.6635,	4.0532E-01, 	2.1751E+01, 	36.387
1.1800,	0.95000,	53.5943,	4.0621E-01, 	2.1770E+01, 	36.414
1.1825,	0.95250,	53.5177,	4.0700E-01, 	2.1782E+01, 	36.440
1.1850,	0.95500,	53.4489,	4.0784E-01, 	2.1799E+01, 	36.467
1.1875,	0.95750,	53.3804,	4.0874E-01, 	2.1819E+01, 	36.493
1.1900,	0.96000,	53.3121,	4.0954E-01, 	2.1833E+01, 	36.520
1.1925,	0.96250,	53.2364,	4.1034E-01, 	2.1845E+01, 	36.546
1.1950,	0.96500,	53.1685,	4.1120E-01, 	2.1863E+01, 	36.572
1.1975,	0.96750,	53.1008,	4.1208E-01, 	2.1882E+01, 	36.598
1.2000,	0.97000,	53.0333,	4.1284E-01, 	2.1894E+01, 	36.624
1.2025,	0.97250,	52.9585,	4.1362E-01, 	2.1905E+01, 	36.650
1.2050,	0.97500,	52.8915,	4.1451E-01, 	2.1924E+01, 	36.676
1.2075,	0.97750,	52.8246,	4.1531E-01, 	2.1939E+01, 	36.702
1.2100,	0.98000,	52.7580,	4.1607E-01, 	2.1951E+01, 	36.728
1.2125,	0.98250,	52.6842,	4.1686E-01, 	2.1962E+01, 	36.753
1.2150,	0.98500,	52.6179,	4.1773E-01, 	2.1980E+01, 	36.779
1.2175,	0.98750,	52.5519,	4.1857E-01, 	2.1997E+01, 	36.804
1.2200,	0.99000,	52.4861,	4.1930E-01, 	2.2008E+01, 	36.829
1.2225,	0.99250,	52.4132,	4.2007E-01, 	2.2017E+01, 	36.855
1.2250,	0.99500,	52.3478,	4.2091E-01, 	2.2034E+01, 	36.880
1.2275,	0.99750,	52.2826,	4.2171E-01, 	2.2048E+01, 	36.905
1.2300,	1.00000,	52.2176,	4.2244E-01, 	2.2059E+01, 	36.930
1.2325,	1.00250,	52.1456,	4.2318E-01, 	2.2067E+01, 	36.955
1.2350,	1.00500,	52.0810,	4.2404E-01, 	2.2084E+01, 	36.980
1.2375,	1.00750,	52.0166,	4.2480E-01, 	2.2096E+01, 	37.005
1.2400,	1.01000,	51.9524,	4.2554E-01, 	2.2108E+01, 	37.029
1.2425,	1.01250,	51.8813,	4.2628E-01, 	2.2116E+01, 	37.054
1.2450,	1.01500,	51.8175,	4.2711E-01, 	2.2132E+01, 	37.079
1.2475,	1.01750,	51.7539,	4.2786E-01, 	2.2143E+01, 	37.103
1.2500,	1.02000,	51.6905,	4.2855E-01, 	2.2152E+01, 	37.128
1.2525,	1.02250,	51.6203,	4.2928E-01, 	2.2160E+01, 	37.152
1.2550,	1.02500,	51.5573,	4.3008E-01, 	2.2174E+01, 	37.176
1.2575,	1.02750,	51.4945,	4.3080E-01, 	2.2184E+01, 	37.200
1.2600,	1.03000,	51.4319,	4.3149E-01, 	2.2192E+01, 	37.225
1.2625,	1.03250,	51.3626,	4.3224E-01, 	2.2201E+01, 	37.249
1.2650,	1.03500,	51.3004,	4.3299E-01, 	2.2213E+01, 	37.273
1.2675,	1.03750,	51.2383,	4.3374E-01, 	2.2224E+01, 	37.296
1.2700,	1.04000,	51.1765,	4.3441E-01, 	2.2231E+01, 	37.320
1.2725,	1.04250,	51.1080,	4.3510E-01, 	2.2237E+01, 	37.344
1.2750,	1.04500,	51.0466,	4.3586E-01, 	2.2249E+01, 	37.368
1.2775,	1.04750,	50.9853,	4.3657E-01, 	2.2259E+01, 	37.391
1.2800,	1.05000,	50.9242,	4.3726E-01, 	2.2267E+01, 	37.415
1.2825,	1.05250,	50.8566,	4.3795E-01, 	2.2273E+01, 	37.438
1.2850,	1.05500,	50.7959,	4.3869E-01, 	2.2284E+01, 	37.462
1.2875,	1.05750,	50.7287,	4.3936E-01, 	2.2288E+01, 	37.485
1.2900,	1.06000,	50.6684,	4.4003E-01, 	2.2296E+01, 	37.508
1.2925,	1.06250,	50.6016,	4.4070E-01, 	2.2300E+01, 	37.531
1.2950,	1.06500,	50.5417,	4.4142E-01, 	2.2310E+01, 	37.555
1.2975,	1.06750,	50.4753,	4.4208E-01, 	2.2314E+01, 	37.578
1.3000,	1.07000,	50.4158,	4.4274E-01, 	2.2321E+01, 	37.601
1.3025,	1.07250,	50.3565,	4.4341E-01, 	2.2328E+01, 	37.623
1.3050,	1.07500,	50.2973,	4.4409E-01, 	2.2337E+01, 	37.646
1.3075,	1.07750,	50.2383,	4.4475E-01, 	2.2343E+01, 	37.669
1.3100,	1.08000,	50.1795,	4.4538E-01, 	2.2349E+01, 	37.692
1.3125,	1.08250,	50.1209,	4.4606E-01, 	2.2357E+01, 	37.714
1.3150,	1.08500,	50.0624,	4.4670E-01, 	2.2363E+01, 	37.737
1.3175,	1.08750,	50.0041,	4.4738E-01, 	2.2371E+01, 	37.759
1.3200,	1.09000,	49.9460,	4.4798E-01, 	2.2375E+01, 	37.782
1.3225,	1.09250,	49.8816,	4.4864E-01, 	2.2379E+01, 	37.804
1.3250,	1.09500,	49.8239,	4.4928E-01, 	2.2385E+01, 	37.827
1.3275,	1.09750,	49.7599,	4.4991E-01, 	2.2387E+01, 	37.849
1.3300,	1.10000,	49.7025,	4.5052E-01, 	2.2392E+01, 	37.871
1.3325,	1.10250,	49.6453,	4.5112E-01, 	2.2396E+01, 	37.893
1.3350,	1.10500,	49.5883,	4.5176E-01, 	2.2402E+01, 	37.915
1.3375,	1.10750,	49.5314,	4.5237E-01, 	2.2407E+01, 	37.937
1.3400,	1.11000,	49.4748,	4.5296E-01, 	2.2410E+01, 	37.959
1.3425,	1.11250,	49.4119,	4.5352E-01, 	2.2409E+01, 	37.981
1.3450,	1.11500,	49.3556,	4.5415E-01, 	2.2415E+01, 	38.003
1.3475,	1.11750,	49.2994,	4.5480E-01, 	2.2421E+01, 	38.025
1.3500,	1.12000,	49.2434,	4.5538E-01, 	2.2425E+01, 	38.046
1.3525,	1.12250,	49.1814,	4.5592E-01, 	2.2423E+01, 	38.068
1.3550,	1.12500,	49.1257,	4.5651E-01, 	2.2426E+01, 	38.090
1.3575,	1.12750,	49.0703,	4.5713E-01, 	2.2432E+01, 	38.111
1.3600,	1.13000,	49.0149,	4.5770E-01, 	2.2434E+01, 	38.133
1.3625,	1.13250,	48.9537,	4.5824E-01, 	2.2433E+01, 	38.154
1.3650,	1.13500,	48.8987,	4.5881E-01, 	2.2435E+01, 	38.175
1.3675,	1.13750,	48.8439,	4.5941E-01, 	2.2439E+01, 	38.197
1.3700,	1.14000,	48.7892,	4.6001E-01, 	2.2443E+01, 	38.218
1.3725,	1.14250,	48.7287,	4.6056E-01, 	2.2443E+01, 	38.239
1.3750,	1.14500,	48.6743,	4.6109E-01, 	2.2443E+01, 	38.260
1.3775,	1.14750,	48.6202,	4.6168E-01, 	2.2447E+01, 	38.282
1.3800,	1.15000,	48.5602,	4.6224E-01, 	2.2447E+01, 	38.303
1.3825,	1.15250,	48.5003,	4.6275E-01, 	2.2443E+01, 	38.324
1.3850,	1.15500,	48.4467,	4.6328E-01, 	2.2445E+01, 	38.345
1.3875,	1.15750,	48.3932,	4.6390E-01, 	2.2450E+01, 	38.365
1.3900,	1.16000,	48.3339,	4.6447E-01, 	2.2450E+01, 	38.386
1.3925,	1.16250,	48.2748,	4.6498E-01, 	2.2447E+01, 	38.407
1.3950,	1.16500,	48.2217,	4.6548E-01, 	2.2446E+01, 	38.428
1.3975,	1.16750,	48.1688,	4.6604E-01, 	2.2449E+01, 	38.449
1.4000,	1.17000,	48.1102,	4.6664E-01, 	2.2450E+01, 	38.469
1.4025,	1.17250,	48.0577,	4.6715E-01, 	2.2450E+01, 	38.490
1.4050,	1.17500,	48.0052,	4.6768E-01, 	2.2451E+01, 	38.510
1.4075,	1.17750,	47.9529,	4.6823E-01, 	2.2453E+01, 	38.531
1.4100,	1.18000,	47.9008,	4.6880E-01, 	2.2456E+01, 	38.551
1.4125,	1.18250,	47.8430,	4.6931E-01, 	2.2453E+01, 	38.572
1.4150,	1.18500,	47.7911,	4.6983E-01, 	2.2454E+01, 	38.592
1.4175,	1.18750,	47.7394,	4.7035E-01, 	2.2454E+01, 	38.612
1.4200,	1.19000,	47.6878,	4.7093E-01, 	2.2458E+01, 	38.632
1.4225,	1.19250,	47.6306,	4.7147E-01, 	2.2456E+01, 	38.653
1.4250,	1.19500,	47.5793,	4.7198E-01, 	2.2456E+01, 	38.673
1.4275,	1.19750,	47.5281,	4.7248E-01, 	2.2456E+01, 	38.693
1.4300,	1.20000,	47.4771,	4.7303E-01, 	2.2458E+01, 	38.713
1.4325,	1.20250,	47.4205,	4.7357E-01, 	2.2457E+01, 	38.733
1.4350,	1.20500,	47.3698,	4.7407E-01, 	2.2457E+01, 	38.753
1.4375,	1.20750,	47.3191,	4.7457E-01, 	2.2456E+01, 	38.773
1.4400,	1.21000,	47.2686,	4.7511E-01, 	2.2458E+01, 	38.793
1.4425,	1.21250,	47.2126,	4.7567E-01, 	2.2458E+01, 	38.813
1.4450,	1.21500,	47.1624,	4.7616E-01, 	2.2457E+01, 	38.832
1.4475,	1.21750,	47.1123,	4.7667E-01, 	2.2457E+01, 	38.852
1.4500,	1.22000,	47.0623,	4.7718E-01, 	2.2457E+01, 	38.872
1.4525,	1.22250,	47.0124,	4.7774E-01, 	2.2460E+01, 	38.891
1.4550,	1.22500,	46.9627,	4.7824E-01, 	2.2459E+01, 	38.911
1.4575,	1.22750,	46.9131,	4.7874E-01, 	2.2459E+01, 	38.930
1.4600,	1.23000,	46.8636,	4.7924E-01, 	2.2459E+01, 	38.950
1.4625,	1.23250,	46.8087,	4.7978E-01, 	2.2458E+01, 	38.969
1.4650,	1.23500,	46.7594,	4.8030E-01, 	2.2459E+01, 	38.989
1.4675,	1.23750,	46.7103,	4.8080E-01, 	2.2458E+01, 	39.008
1.4700,	1.24000,	46.6613,	4.8129E-01, 	2.2458E+01, 	39.027
1.4725,	1.24250,	46.6124,	4.8179E-01, 	2.2457E+01, 	39.047
1.4750,	1.24500,	46.5636,	4.8231E-01, 	2.2458E+01, 	39.066
1.4775,	1.24750,	46.5149,	4.8282E-01, 	2.2458E+01, 	39.085
1.4800,	1.25000,	46.4664,	4.8332E-01, 	2.2458E+01, 	39.104
1.4825,	1.25250,	46.4180,	4.8381E-01, 	2.2458E+01, 	39.123
1.4850,	1.25500,	46.3696,	4.8435E-01, 	2.2459E+01, 	39.142
1.4875,	1.25750,	46.3214,	4.8485E-01, 	2.2459E+01, 	39.161
1.4900,	1.26000,	46.2733,	4.8533E-01, 	2.2458E+01, 	39.180
1.4925,	1.26250,	46.2200,	4.8580E-01, 	2.2454E+01, 	39.199
1.4950,	1.26500,	46.1721,	4.8633E-01, 	2.2455E+01, 	39.218
1.4975,	1.26750,	46.1243,	4.8683E-01, 	2.2454E+01, 	39.237
1.5000,	1.27000,	46.0767,	4.8731E-01, 	2.2454E+01, 	39.255
1.5025,	1.27250,	46.0238,	4.8781E-01, 	2.2451E+01, 	39.274
1.5050,	1.27500,	45.9764,	4.8829E-01, 	2.2450E+01, 	39.293
1.5075,	1.27750,	45.9294,	4.7736E-01, 	2.1925E+01, 	39.311
1.5100,	1.28000,	45.8824,	4.7784E-01, 	2.1924E+01, 	39.329
1.5125,	1.28250,	45.8356,	4.7831E-01, 	2.1924E+01, 	39.348
1.5150,	1.28500,	45.7888,	4.7878E-01, 	2.1923E+01, 	39.366
1.5175,	1.28750,	45.7422,	4.7929E-01, 	2.1924E+01, 	39.384
1.5200,	1.29000,	45.6956,	4.7978E-01, 	2.1924E+01, 	39.402
1.5225,	1.29250,	45.6440,	4.8025E-01, 	2.1920E+01, 	39.420
1.5250,	1.29500,	45.5977,	4.8071E-01, 	2.1919E+01, 	39.438
1.5275,	1.29750,	45.5514,	4.8118E-01, 	2.1918E+01, 	39.456
1.5300,	1.30000,	45.5053,	4.8166E-01, 	2.1918E+01, 	39.473
1.5325,	1.30250,	45.4541,	4.8215E-01, 	2.1916E+01, 	39.491
1.5350,	1.30500,	45.4082,	4.8261E-01, 	2.1915E+01, 	39.509
1.5375,	1.30750,	45.3624,	4.8309E-01, 	2.1914E+01, 	39.527
1.5400,	1.31000,	45.3167,	4.8356E-01, 	2.1914E+01, 	39.544
1.5425,	1.31250,	45.2659,	4.8403E-01, 	2.1910E+01, 	39.562
1.5450,	1.31500,	45.2204,	4.8450E-01, 	2.1909E+01, 	39.580
1.7450,	1.51500,	40.5941,	5.2016E-01, 	2.1116E+01, 	40.828
1.9450,	1.71500,	36.7827,	5.5229E-01, 	2.0315E+01, 	41.823
2.1450,	1.91500,	33.4687,	5.8113E-01, 	1.9450E+01, 	42.634
2.3450,	2.11500,	30.5555,	5.8892E-01, 	1.7995E+01, 	43.274
2.5450,	2.31500,	27.9454,	6.1115E-01, 	1.7079E+01, 	43.797
2.7450,	2.51500,	25.5888,	6.3055E-01, 	1.6135E+01, 	44.225
2.9450,	2.71500,	23.4476,	6.4754E-01, 	1.5183E+01, 	44.577
3.1450,	2.91500,	21.5042,	6.4790E-01, 	1.3933E+01, 	44.855
3.3450,	3.11500,	19.7204,	6.6041E-01, 	1.3024E+01, 	45.080
3.5450,	3.31500,	18.0768,	6.7118E-01, 	1.2133E+01, 	45.259
3.7450,	3.51500,	16.5633,	6.8042E-01, 	1.1270E+01, 	45.401
3.9450,	3.71500,	15.1715,	6.8829E-01, 	1.0442E+01, 	45.511
4.1450,	3.91500,	13.8927,	6.9497E-01, 	9.6550E+00, 	45.594
4.3450,	4.11500,	12.7186,	7.0062E-01, 	8.9109E+00, 	45.654
4.5450,	4.31500,	11.6476,	6.9173E-01, 	8.0570E+00, 	45.694
4.7450,	4.51500,	10.6650,	6.9564E-01, 	7.4190E+00, 	45.719
4.9450,	4.71500,	9.76390,	6.9892E-01, 	6.8242E+00, 	45.731
5.1450,	4.91500,	8.93790,	7.0165E-01, 	6.2713E+00, 	45.734
5.3450,	5.11500,	8.18090,	7.0392E-01, 	5.7588E+00, 	45.728
5.5450,	5.31500,	7.48750,	7.0580E-01, 	5.2847E+00, 	45.716
