position, t_0, t_0_03, t_0_06, t_0_1
0.000,	20.00,	22.10,	25.13,	28.36
0.001,	19.99,	22.10,	25.12,	28.36
0.002,	19.97,	22.09,	25.12,	28.36
0.003,	19.93,	22.09,	25.12,	28.35
0.004,	19.88,	22.08,	25.12,	28.35
0.005,	19.81,	22.07,	25.11,	28.35
0.006,	19.73,	22.06,	25.11,	28.35
0.007,	19.64,	22.05,	25.10,	28.35
0.008,	19.53,	22.04,	25.10,	28.34
0.009,	19.41,	22.02,	25.09,	28.34
0.010,	19.28,	22.00,	25.08,	28.33
0.011,	19.13,	21.98,	25.08,	28.33
0.012,	18.97,	21.96,	25.07,	28.32
0.013,	18.80,	21.94,	25.06,	28.32
0.014,	18.62,	21.91,	25.05,	28.31
0.015,	18.42,	21.89,	25.03,	28.30
0.016,	18.22,	21.86,	25.02,	28.30
0.017,	18.00,	21.83,	25.01,	28.29
0.018,	17.78,	21.80,	25.00,	28.28
0.019,	17.54,	21.77,	24.98,	28.27
0.020,	17.30,	21.74,	24.97,	28.27
0.021,	17.04,	21.70,	24.95,	28.26
0.022,	16.78,	21.67,	24.93,	28.25
0.023,	16.51,	21.63,	24.92,	28.24
0.024,	16.24,	21.60,	24.90,	28.23
0.025,	15.96,	21.56,	24.88,	28.22
0.026,	15.67,	21.52,	24.86,	28.21
0.027,	15.38,	21.48,	24.85,	28.19
0.028,	15.08,	21.44,	24.83,	28.18
0.029,	14.78,	21.40,	24.81,	28.17
0.030,	14.48,	21.36,	24.79,	28.16
0.031,	14.17,	21.31,	24.77,	28.15
0.032,	13.86,	21.27,	24.75,	28.13
0.033,	13.55,	21.23,	24.72,	28.12
0.034,	13.24,	21.19,	24.70,	28.11
0.035,	12.93,	21.14,	24.68,	28.10
0.036,	12.62,	21.10,	24.66,	28.08
0.037,	12.31,	21.05,	24.64,	28.07
0.038,	12.00,	21.01,	24.61,	28.05
0.039,	11.69,	20.96,	24.59,	28.04
0.040,	11.38,	20.92,	24.57,	28.03
0.041,	11.07,	20.87,	24.54,	28.01
0.042,	10.77,	20.83,	24.52,	28.00
0.043,	10.47,	20.78,	24.50,	27.98
0.044,	10.18,	20.74,	24.47,	27.97
0.045,	9.888,	20.69,	24.45,	27.95
0.046,	9.600,	20.65,	24.42,	27.94
0.047,	9.316,	20.60,	24.40,	27.92
0.048,	9.037,	20.56,	24.38,	27.90
0.049,	8.763,	20.51,	24.35,	27.89
0.050,	8.494,	20.47,	24.33,	27.87
0.051,	8.230,	20.42,	24.30,	27.86
0.052,	7.972,	20.38,	24.28,	27.84
0.053,	7.720,	20.34,	24.25,	27.83
0.054,	7.474,	20.29,	24.23,	27.81
0.055,	7.234,	20.25,	24.20,	27.79
0.056,	7.000,	20.20,	24.18,	27.78
0.057,	6.772,	20.16,	24.15,	27.76
0.058,	6.551,	20.12,	24.13,	27.74
0.059,	6.336,	20.08,	24.10,	27.73
0.060,	6.128,	20.03,	24.08,	27.71
0.061,	5.927,	19.99,	24.06,	27.69
0.062,	5.731,	19.95,	24.03,	27.68
0.063,	5.543,	19.91,	24.01,	27.66
0.064,	5.361,	19.86,	23.98,	27.65
0.065,	5.185,	19.82,	23.96,	27.63
0.066,	5.016,	19.78,	23.93,	27.61
0.067,	4.853,	19.74,	23.91,	27.60
0.068,	4.696,	19.70,	23.88,	27.58
0.069,	4.545,	19.66,	23.86,	27.56
0.070,	4.401,	19.62,	23.84,	27.55
0.071,	4.263,	19.58,	23.81,	27.53
0.072,	4.130,	19.54,	23.79,	27.51
0.073,	4.003,	19.50,	23.77,	27.50
0.074,	3.882,	19.46,	23.74,	27.48
0.075,	3.766,	19.42,	23.72,	27.46
0.076,	3.656,	19.38,	23.70,	27.45
0.077,	3.550,	19.34,	23.67,	27.43
0.078,	3.450,	19.31,	23.65,	27.42
0.079,	3.355,	19.27,	23.63,	27.40
0.080,	3.265,	19.23,	23.60,	27.38
0.081,	3.179,	19.19,	23.58,	27.37
0.082,	3.097,	19.15,	23.56,	27.35
0.083,	3.020,	19.12,	23.53,	27.34
0.084,	2.947,	19.08,	23.51,	27.32
0.085,	2.878,	19.04,	23.49,	27.30
0.086,	2.813,	19.00,	23.47,	27.29
0.087,	2.751,	18.97,	23.44,	27.27
0.088,	2.693,	18.93,	23.42,	27.26
0.089,	2.638,	18.89,	23.40,	27.24
0.090,	2.587,	18.86,	23.38,	27.23
0.091,	2.538,	18.82,	23.36,	27.21
0.092,	2.493,	18.78,	23.33,	27.19
0.093,	2.450,	18.75,	23.31,	27.18
0.094,	2.410,	18.71,	23.29,	27.16
0.095,	2.373,	18.67,	23.27,	27.15
0.096,	2.338,	18.64,	23.25,	27.13
0.097,	2.305,	18.60,	23.23,	27.12
0.098,	2.274,	18.57,	23.21,	27.10
0.099,	2.245,	18.53,	23.18,	27.09
0.100,	2.219,	18.49,	23.16,	27.07
0.101,	2.194,	18.46,	23.14,	27.06
0.102,	2.171,	18.42,	23.12,	27.04
0.103,	2.149,	18.38,	23.10,	27.03
0.104,	2.129,	18.35,	23.08,	27.01
0.105,	2.111,	18.31,	23.06,	27.00
0.106,	2.093,	18.28,	23.04,	26.98
0.107,	2.078,	18.24,	23.02,	26.97
0.108,	2.063,	18.20,	23.00,	26.95
0.109,	2.049,	18.17,	22.98,	26.94
0.110,	2.036,	18.13,	22.96,	26.93
0.111,	2.025,	18.10,	22.93,	26.91
0.112,	2.014,	18.06,	22.91,	26.90
0.113,	2.004,	18.02,	22.89,	26.88
0.114,	1.995,	17.99,	22.87,	26.87
0.115,	1.987,	17.95,	22.85,	26.85
0.116,	1.979,	17.91,	22.83,	26.84
0.117,	1.972,	17.88,	22.81,	26.83
0.118,	1.965,	17.84,	22.79,	26.81
0.119,	1.959,	17.80,	22.77,	26.80
0.120,	1.954,	17.77,	22.75,	26.78
0.121,	1.949,	17.73,	22.73,	26.77
0.122,	1.944,	17.69,	22.71,	26.75
0.123,	1.940,	17.65,	22.69,	26.74
0.124,	1.936,	17.62,	22.67,	26.73
0.125,	1.933,	17.58,	22.65,	26.71
0.126,	1.930,	17.54,	22.63,	26.70
0.127,	1.927,	17.50,	22.61,	26.69
0.128,	1.924,	17.47,	22.59,	26.67
0.129,	1.922,	17.43,	22.57,	26.66
0.130,	1.920,	17.39,	22.55,	26.64
0.131,	1.918,	17.35,	22.53,	26.63
0.132,	1.916,	17.31,	22.51,	26.62
0.133,	1.914,	17.27,	22.49,	26.60
0.134,	1.913,	17.24,	22.47,	26.59
0.135,	1.911,	17.20,	22.45,	26.58
0.136,	1.910,	17.16,	22.43,	26.56
0.137,	1.909,	17.12,	22.41,	26.55
0.138,	1.908,	17.08,	22.39,	26.53
0.139,	1.907,	17.04,	22.37,	26.52
0.140,	1.907,	17.00,	22.35,	26.51
0.141,	1.906,	16.96,	22.33,	26.49
0.142,	1.905,	16.92,	22.31,	26.48
0.143,	1.905,	16.88,	22.29,	26.47
0.144,	1.904,	16.84,	22.27,	26.45
0.145,	1.904,	16.79,	22.25,	26.44
0.146,	1.903,	16.75,	22.23,	26.43
0.147,	1.903,	16.71,	22.21,	26.41
0.148,	1.903,	16.67,	22.19,	26.40
0.149,	1.902,	16.63,	22.17,	26.39
0.150,	1.902,	16.59,	22.15,	26.37
0.151,	1.902,	16.54,	22.13,	26.36
0.152,	1.902,	16.50,	22.11,	26.35
0.153,	1.901,	16.46,	22.09,	26.33
0.154,	1.901,	16.41,	22.07,	26.32
0.155,	1.901,	16.37,	22.05,	26.31
0.156,	1.901,	16.33,	22.03,	26.29
0.157,	1.901,	16.28,	22.01,	26.28
0.158,	1.901,	16.24,	21.99,	26.27
0.159,	1.901,	16.19,	21.97,	26.25
0.160,	1.901,	16.15,	21.95,	26.24
0.161,	1.901,	16.10,	21.93,	26.23
0.162,	1.900,	16.06,	21.91,	26.21
0.163,	1.900,	16.01,	21.89,	26.20
0.164,	1.900,	15.96,	21.87,	26.18
0.165,	1.900,	15.92,	21.85,	26.17
0.166,	1.900,	15.87,	21.83,	26.16
0.167,	1.900,	15.82,	21.81,	26.14
0.168,	1.900,	15.77,	21.79,	26.13
0.169,	1.900,	15.72,	21.77,	26.12
0.170,	1.900,	15.68,	21.75,	26.10
0.171,	1.900,	15.63,	21.73,	26.09
0.172,	1.900,	15.58,	21.71,	26.08
0.173,	1.900,	15.53,	21.69,	26.06
0.174,	1.900,	15.48,	21.67,	26.05
0.175,	1.900,	15.43,	21.65,	26.04
0.176,	1.900,	15.38,	21.62,	26.02
0.177,	1.900,	15.32,	21.60,	26.01
0.178,	1.900,	15.27,	21.58,	26.00
0.179,	1.900,	15.22,	21.56,	25.98
0.180,	1.900,	15.17,	21.54,	25.97
0.181,	1.900,	15.11,	21.52,	25.96
0.182,	1.900,	15.06,	21.50,	25.94
0.183,	1.900,	15.01,	21.48,	25.93
0.184,	1.900,	14.95,	21.46,	25.92
0.185,	1.900,	14.90,	21.44,	25.90
0.186,	1.900,	14.84,	21.41,	25.89
0.187,	1.900,	14.78,	21.39,	25.88
0.188,	1.900,	14.73,	21.37,	25.86
0.189,	1.900,	14.67,	21.35,	25.85
0.190,	1.900,	14.61,	21.33,	25.84
0.191,	1.900,	14.55,	21.31,	25.82
0.192,	1.900,	14.49,	21.29,	25.81
0.193,	1.900,	14.43,	21.26,	25.80
0.194,	1.900,	14.37,	21.24,	25.78
0.195,	1.900,	14.31,	21.22,	25.77
0.196,	1.900,	14.25,	21.20,	25.75
0.197,	1.900,	14.19,	21.18,	25.74
0.198,	1.900,	14.12,	21.15,	25.73
0.199,	1.900,	14.06,	21.13,	25.71
0.200,	1.900,	13.99,	21.11,	25.70
0.201,	1.900,	13.93,	21.09,	25.69
0.202,	1.900,	13.86,	21.07,	25.67
0.203,	1.900,	13.79,	21.04,	25.66
0.204,	1.900,	13.73,	21.02,	25.65
0.205,	1.900,	13.66,	21.00,	25.63
0.206,	1.900,	13.59,	20.98,	25.62
0.207,	1.900,	13.52,	20.96,	25.60
0.208,	1.900,	13.45,	20.93,	25.59
0.209,	1.900,	13.37,	20.91,	25.58
0.210,	1.900,	13.30,	20.89,	25.56
0.211,	1.900,	13.23,	20.87,	25.55
0.212,	1.900,	13.15,	20.84,	25.54
0.213,	1.900,	13.07,	20.82,	25.52
0.214,	1.900,	13.00,	20.80,	25.51
0.215,	1.900,	12.92,	20.77,	25.49
0.216,	1.900,	12.84,	20.75,	25.48
0.217,	1.900,	12.76,	20.73,	25.47
0.218,	1.900,	12.68,	20.71,	25.45
0.219,	1.900,	12.59,	20.68,	25.44
0.220,	1.900,	12.51,	20.66,	25.43
0.221,	1.900,	12.42,	20.64,	25.41
0.222,	1.900,	12.33,	20.61,	25.40
0.223,	1.900,	12.24,	20.59,	25.38
0.224,	1.900,	12.15,	20.57,	25.37
0.225,	1.900,	12.06,	20.54,	25.36
0.226,	1.900,	11.97,	20.52,	25.34
0.227,	1.900,	11.87,	20.49,	25.33
0.228,	1.900,	11.77,	20.47,	25.31
0.229,	1.900,	11.67,	20.45,	25.30
0.230,	1.900,	11.57,	20.42,	25.29
0.231,	1.900,	11.47,	20.40,	25.27
0.232,	1.900,	11.36,	20.38,	25.26
0.233,	1.900,	11.26,	20.35,	25.24
0.234,	1.900,	11.15,	20.33,	25.23
0.235,	1.900,	11.03,	20.30,	25.22
0.236,	1.900,	10.92,	20.28,	25.20
0.237,	1.900,	10.80,	20.25,	25.19
0.238,	1.900,	10.68,	20.23,	25.17
0.239,	1.900,	10.56,	20.20,	25.16
0.240,	1.900,	10.43,	20.18,	25.14
0.241,	1.900,	10.30,	20.16,	25.13
0.242,	1.900,	10.17,	20.13,	25.12
0.243,	1.900,	10.03,	20.11,	25.10
0.244,	1.900,	9.895,	20.08,	25.09
0.245,	1.900,	9.750,	20.06,	25.07
0.246,	1.900,	9.601,	20.03,	25.06
0.247,	1.900,	9.447,	20.01,	25.04
0.248,	1.900,	9.288,	19.98,	25.03
0.249,	1.900,	9.124,	19.95,	25.02
0.250,	1.900,	8.954,	19.93,	25.00
0.251,	1.900,	8.778,	19.90,	24.99
0.252,	1.900,	8.597,	19.88,	24.97
0.253,	1.900,	8.412,	19.85,	24.96
0.254,	1.900,	8.226,	19.83,	24.94
0.255,	1.900,	8.040,	19.80,	24.93
0.256,	1.900,	7.859,	19.77,	24.91
0.257,	1.900,	7.687,	19.75,	24.90
0.258,	1.900,	7.523,	19.72,	24.89
0.259,	1.900,	7.369,	19.70,	24.87
0.260,	1.900,	7.223,	19.67,	24.86
0.261,	1.900,	7.084,	19.64,	24.84
0.262,	1.900,	6.953,	19.62,	24.83
0.263,	1.900,	6.827,	19.59,	24.81
0.264,	1.900,	6.708,	19.56,	24.80
0.265,	1.900,	6.594,	19.54,	24.78
0.266,	1.900,	6.484,	19.51,	24.77
0.267,	1.900,	6.380,	19.48,	24.75
0.268,	1.900,	6.279,	19.46,	24.74
0.269,	1.900,	6.183,	19.43,	24.72
0.270,	1.900,	6.090,	19.40,	24.71
0.271,	1.900,	6.001,	19.37,	24.69
0.272,	1.900,	5.915,	19.35,	24.68
0.273,	1.900,	5.832,	19.32,	24.66
0.274,	1.900,	5.752,	19.29,	24.65
0.275,	1.900,	5.675,	19.26,	24.64
0.276,	1.900,	5.600,	19.23,	24.62
0.277,	1.900,	5.528,	19.21,	24.61
0.278,	1.900,	5.458,	19.18,	24.59
0.279,	1.900,	5.390,	19.15,	24.58
0.280,	1.900,	5.325,	19.12,	24.56
0.281,	1.900,	5.261,	19.09,	24.55
0.282,	1.900,	5.199,	19.06,	24.53
0.283,	1.900,	5.139,	19.04,	24.52
0.284,	1.900,	5.081,	19.01,	24.50
0.285,	1.900,	5.024,	18.98,	24.49
0.286,	1.900,	4.969,	18.95,	24.47
0.287,	1.900,	4.915,	18.92,	24.45
0.288,	1.900,	4.863,	18.89,	24.44
0.289,	1.900,	4.812,	18.86,	24.42
0.290,	1.900,	4.762,	18.83,	24.41
0.291,	1.900,	4.714,	18.80,	24.39
0.292,	1.900,	4.667,	18.77,	24.38
0.293,	1.900,	4.621,	18.74,	24.36
0.294,	1.900,	4.576,	18.71,	24.35
0.295,	1.900,	4.532,	18.68,	24.33
0.296,	1.900,	4.489,	18.65,	24.32
0.297,	1.900,	4.447,	18.62,	24.30
0.298,	1.900,	4.407,	18.59,	24.29
0.299,	1.900,	4.367,	18.56,	24.27
0.300,	1.900,	4.328,	18.53,	24.26
0.301,	1.900,	4.289,	18.50,	24.24
0.302,	1.900,	4.252,	18.47,	24.23
0.303,	1.900,	4.215,	18.43,	24.21
0.304,	1.900,	4.179,	18.40,	24.19
0.305,	1.900,	4.144,	18.37,	24.18
0.306,	1.900,	4.110,	18.34,	24.16
0.307,	1.900,	4.076,	18.31,	24.15
0.308,	1.900,	4.043,	18.28,	24.13
0.309,	1.900,	4.011,	18.24,	24.12
0.310,	1.900,	3.979,	18.21,	24.10
0.311,	1.900,	3.948,	18.18,	24.08
0.312,	1.900,	3.918,	18.15,	24.07
0.313,	1.900,	3.888,	18.11,	24.05
0.314,	1.900,	3.858,	18.08,	24.04
0.315,	1.900,	3.830,	18.05,	24.02
0.316,	1.900,	3.801,	18.01,	24.01
0.317,	1.900,	3.774,	17.98,	23.99
0.318,	1.900,	3.746,	17.95,	23.97
0.319,	1.900,	3.720,	17.91,	23.96
0.320,	1.900,	3.693,	17.88,	23.94
0.321,	1.900,	3.667,	17.84,	23.93
0.322,	1.900,	3.642,	17.81,	23.91
0.323,	1.900,	3.617,	17.78,	23.89
0.324,	1.900,	3.593,	17.74,	23.88
0.325,	1.900,	3.569,	17.71,	23.86
0.326,	1.900,	3.545,	17.67,	23.85
0.327,	1.900,	3.522,	17.64,	23.83
0.328,	1.900,	3.499,	17.60,	23.81
0.329,	1.900,	3.476,	17.57,	23.80
0.330,	1.900,	3.454,	17.53,	23.78
0.331,	1.900,	3.433,	17.49,	23.77
0.332,	1.900,	3.411,	17.46,	23.75
0.333,	1.900,	3.390,	17.42,	23.73
0.334,	1.900,	3.369,	17.38,	23.72
0.335,	1.900,	3.349,	17.35,	23.70
0.336,	1.900,	3.329,	17.31,	23.68
0.337,	1.900,	3.309,	17.27,	23.67
0.338,	1.900,	3.290,	17.24,	23.65
0.339,	1.900,	3.270,	17.20,	23.64
0.340,	1.900,	3.252,	17.16,	23.62
0.341,	1.900,	3.233,	17.12,	23.60
0.342,	1.900,	3.215,	17.08,	23.59
0.343,	1.900,	3.197,	17.04,	23.57
0.344,	1.900,	3.179,	17.01,	23.55
0.345,	1.900,	3.162,	16.97,	23.54
0.346,	1.900,	3.144,	16.93,	23.52
0.347,	1.900,	3.128,	16.89,	23.50
0.348,	1.900,	3.111,	16.85,	23.49
0.349,	1.900,	3.094,	16.81,	23.47
0.350,	1.900,	3.078,	16.77,	23.45
0.351,	1.900,	3.062,	16.73,	23.44
0.352,	1.900,	3.047,	16.69,	23.42
0.353,	1.900,	3.031,	16.64,	23.40
0.354,	1.900,	3.016,	16.60,	23.39
0.355,	1.900,	3.001,	16.56,	23.37
0.356,	1.900,	2.986,	16.52,	23.35
0.357,	1.900,	2.971,	16.48,	23.33
0.358,	1.900,	2.957,	16.43,	23.32
0.359,	1.900,	2.943,	16.39,	23.30
0.360,	1.900,	2.929,	16.35,	23.28
0.361,	1.900,	2.915,	16.31,	23.27
0.362,	1.900,	2.901,	16.26,	23.25
0.363,	1.900,	2.888,	16.22,	23.23
0.364,	1.900,	2.875,	16.17,	23.22
0.365,	1.900,	2.861,	16.13,	23.20
0.366,	1.900,	2.849,	16.08,	23.18
0.367,	1.900,	2.836,	16.04,	23.16
0.368,	1.900,	2.823,	15.99,	23.15
0.369,	1.900,	2.811,	15.95,	23.13
0.370,	1.900,	2.799,	15.90,	23.11
0.371,	1.900,	2.787,	15.85,	23.09
0.372,	1.900,	2.775,	15.81,	23.08
0.373,	1.900,	2.763,	15.76,	23.06
0.374,	1.900,	2.752,	15.71,	23.04
0.375,	1.900,	2.740,	15.66,	23.02
0.376,	1.900,	2.729,	15.61,	23.01
0.377,	1.900,	2.718,	15.56,	22.99
0.378,	1.900,	2.707,	15.51,	22.97
0.379,	1.900,	2.696,	15.46,	22.95
0.380,	1.900,	2.686,	15.41,	22.94
0.381,	1.900,	2.675,	15.36,	22.92
0.382,	1.900,	2.665,	15.31,	22.90
0.383,	1.900,	2.654,	15.26,	22.88
0.384,	1.900,	2.644,	15.21,	22.87
0.385,	1.900,	2.634,	15.16,	22.85
0.386,	1.900,	2.625,	15.10,	22.83
0.387,	1.900,	2.615,	15.05,	22.81
0.388,	1.900,	2.605,	15.00,	22.79
0.389,	1.900,	2.596,	14.94,	22.78
0.390,	1.900,	2.587,	14.89,	22.76
0.391,	1.900,	2.577,	14.83,	22.74
0.392,	1.900,	2.568,	14.77,	22.72
0.393,	1.900,	2.559,	14.72,	22.70
0.394,	1.900,	2.551,	14.66,	22.69
0.395,	1.900,	2.542,	14.60,	22.67
0.396,	1.900,	2.533,	14.54,	22.65
0.397,	1.900,	2.525,	14.48,	22.63
0.398,	1.900,	2.516,	14.42,	22.61
0.399,	1.900,	2.508,	14.36,	22.59
0.400,	1.900,	2.500,	14.30,	22.58
0.401,	1.900,	2.492,	14.24,	22.56
0.402,	1.900,	2.484,	14.18,	22.54
0.403,	1.900,	2.476,	14.12,	22.52
0.404,	1.900,	2.468,	14.05,	22.50
0.405,	1.900,	2.461,	13.99,	22.48
0.406,	1.900,	2.453,	13.92,	22.47
0.407,	1.900,	2.446,	13.86,	22.45
0.408,	1.900,	2.438,	13.79,	22.43
0.409,	1.900,	2.431,	13.72,	22.41
0.410,	1.900,	2.424,	13.65,	22.39
0.411,	1.900,	2.417,	13.58,	22.37
0.412,	1.900,	2.410,	13.51,	22.35
0.413,	1.900,	2.403,	13.44,	22.33
0.414,	1.900,	2.396,	13.37,	22.31
0.415,	1.900,	2.389,	13.30,	22.30
0.416,	1.900,	2.382,	13.22,	22.28
0.417,	1.900,	2.376,	13.15,	22.26
0.418,	1.900,	2.369,	13.07,	22.24
0.419,	1.900,	2.363,	12.99,	22.22
0.420,	1.900,	2.357,	12.92,	22.20
0.421,	1.900,	2.350,	12.84,	22.18
0.422,	1.900,	2.344,	12.76,	22.16
0.423,	1.900,	2.338,	12.67,	22.14
0.424,	1.900,	2.332,	12.59,	22.12
0.425,	1.900,	2.326,	12.51,	22.10
0.426,	1.900,	2.321,	12.42,	22.08
0.427,	1.900,	2.315,	12.33,	22.06
0.428,	1.900,	2.309,	12.24,	22.05
0.429,	1.900,	2.303,	12.15,	22.03
0.430,	1.900,	2.298,	12.06,	22.01
0.431,	1.900,	2.292,	11.97,	21.99
0.432,	1.900,	2.287,	11.87,	21.97
0.433,	1.900,	2.282,	11.77,	21.95
0.434,	1.900,	2.276,	11.68,	21.93
0.435,	1.900,	2.271,	11.57,	21.91
0.436,	1.900,	2.266,	11.47,	21.89
0.437,	1.900,	2.261,	11.37,	21.87
0.438,	1.900,	2.256,	11.26,	21.85
0.439,	1.900,	2.251,	11.15,	21.83
0.440,	1.900,	2.246,	11.04,	21.81
0.441,	1.900,	2.241,	10.92,	21.79
0.442,	1.900,	2.237,	10.81,	21.77
0.443,	1.900,	2.232,	10.69,	21.75
0.444,	1.900,	2.227,	10.56,	21.73
0.445,	1.900,	2.223,	10.44,	21.71
0.446,	1.900,	2.218,	10.31,	21.69
0.447,	1.900,	2.214,	10.17,	21.67
0.448,	1.900,	2.209,	10.04,	21.65
0.449,	1.900,	2.205,	9.903,	21.62
0.450,	1.900,	2.201,	9.758,	21.60
0.451,	1.900,	2.197,	9.610,	21.58
0.452,	1.900,	2.192,	9.456,	21.56
0.453,	1.900,	2.188,	9.298,	21.54
0.454,	1.900,	2.184,	9.135,	21.52
0.455,	1.900,	2.180,	8.965,	21.50
0.456,	1.900,	2.176,	8.790,	21.48
0.457,	1.900,	2.172,	8.610,	21.46
0.458,	1.900,	2.169,	8.426,	21.44
0.459,	1.900,	2.165,	8.239,	21.42
0.460,	1.900,	2.161,	8.054,	21.40
0.461,	1.900,	2.157,	7.873,	21.37
0.462,	1.900,	2.154,	7.700,	21.35
0.463,	1.900,	2.150,	7.536,	21.33
0.464,	1.900,	2.147,	7.382,	21.31
0.465,	1.900,	2.143,	7.236,	21.29
0.466,	1.900,	2.140,	7.097,	21.27
0.467,	1.900,	2.136,	6.965,	21.25
0.468,	1.900,	2.133,	6.840,	21.23
0.469,	1.900,	2.129,	6.720,	21.20
0.470,	1.900,	2.126,	6.606,	21.18
0.471,	1.900,	2.123,	6.497,	21.16
0.472,	1.900,	2.120,	6.393,	21.14
0.473,	1.900,	2.117,	6.292,	21.12
0.474,	1.900,	2.114,	6.196,	21.09
0.475,	1.900,	2.110,	6.104,	21.07
0.476,	1.900,	2.107,	6.015,	21.05
0.477,	1.900,	2.104,	5.929,	21.03
0.478,	1.900,	2.101,	5.847,	21.01
0.479,	1.900,	2.099,	5.767,	20.98
0.480,	1.900,	2.096,	5.690,	20.96
0.481,	1.900,	2.093,	5.616,	20.94
0.482,	1.900,	2.090,	5.544,	20.92
0.483,	1.900,	2.087,	5.475,	20.90
0.484,	1.900,	2.085,	5.407,	20.87
0.485,	1.900,	2.082,	5.342,	20.85
0.486,	1.900,	2.079,	5.279,	20.83
0.487,	1.900,	2.077,	5.217,	20.81
0.488,	1.900,	2.074,	5.158,	20.78
0.489,	1.900,	2.072,	5.100,	20.76
0.490,	1.900,	2.069,	5.044,	20.74
0.491,	1.900,	2.067,	4.989,	20.71
0.492,	1.900,	2.064,	4.936,	20.69
0.493,	1.900,	2.062,	4.884,	20.67
0.494,	1.900,	2.059,	4.834,	20.64
0.495,	1.900,	2.057,	4.784,	20.62
0.496,	1.900,	2.055,	4.737,	20.60
0.497,	1.900,	2.052,	4.690,	20.57
0.498,	1.900,	2.050,	4.644,	20.55
0.499,	1.900,	2.048,	4.600,	20.53
0.500,	1.900,	2.046,	4.557,	20.50
0.501,	1.900,	2.044,	4.514,	20.48
0.502,	1.900,	2.041,	4.473,	20.46
0.503,	1.900,	2.039,	4.433,	20.43
0.504,	1.900,	2.037,	4.393,	20.41
0.505,	1.900,	2.035,	4.355,	20.39
0.506,	1.900,	2.033,	4.317,	20.36
0.507,	1.900,	2.031,	4.280,	20.34
0.508,	1.900,	2.029,	4.244,	20.31
0.509,	1.900,	2.027,	4.208,	20.29
0.510,	1.900,	2.025,	4.174,	20.26
0.511,	1.900,	2.024,	4.140,	20.24
0.512,	1.900,	2.022,	4.107,	20.22
0.513,	1.900,	2.020,	4.074,	20.19
0.514,	1.900,	2.018,	4.042,	20.17
0.515,	1.900,	2.016,	4.011,	20.14
0.516,	1.900,	2.015,	3.981,	20.12
0.517,	1.900,	2.013,	3.951,	20.09
0.518,	1.900,	2.011,	3.921,	20.07
0.519,	1.900,	2.009,	3.892,	20.04
0.520,	1.900,	2.008,	3.864,	20.02
0.521,	1.900,	2.006,	3.836,	19.99
0.522,	1.900,	2.005,	3.809,	19.97
0.523,	1.900,	2.003,	3.782,	19.94
0.524,	1.900,	2.001,	3.756,	19.92
0.525,	1.900,	2.000,	3.730,	19.89
0.526,	1.900,	1.998,	3.705,	19.86
0.527,	1.900,	1.997,	3.680,	19.84
0.528,	1.900,	1.995,	3.656,	19.81
0.529,	1.900,	1.994,	3.632,	19.79
0.530,	1.900,	1.992,	3.608,	19.76
0.531,	1.900,	1.991,	3.585,	19.74
0.532,	1.900,	1.990,	3.562,	19.71
0.533,	1.900,	1.988,	3.540,	19.68
0.534,	1.900,	1.987,	3.517,	19.66
0.535,	1.900,	1.986,	3.496,	19.63
0.536,	1.900,	1.984,	3.475,	19.60
0.537,	1.900,	1.983,	3.454,	19.58
0.538,	1.900,	1.982,	3.433,	19.55
0.539,	1.900,	1.980,	3.413,	19.52
0.540,	1.900,	1.979,	3.393,	19.50
0.541,	1.900,	1.978,	3.373,	19.47
0.542,	1.900,	1.977,	3.354,	19.44
0.543,	1.900,	1.975,	3.335,	19.42
0.544,	1.900,	1.974,	3.316,	19.39
0.545,	1.900,	1.973,	3.298,	19.36
0.546,	1.900,	1.972,	3.279,	19.33
0.547,	1.900,	1.971,	3.262,	19.31
0.548,	1.900,	1.970,	3.244,	19.28
0.549,	1.900,	1.969,	3.227,	19.25
0.550,	1.900,	1.968,	3.210,	19.22
0.551,	1.900,	1.966,	3.193,	19.19
0.552,	1.900,	1.965,	3.176,	19.17
0.553,	1.900,	1.964,	3.160,	19.14
0.554,	1.900,	1.963,	3.144,	19.11
0.555,	1.900,	1.962,	3.128,	19.08
0.556,	1.900,	1.961,	3.112,	19.05
0.557,	1.900,	1.960,	3.097,	19.02
0.558,	1.900,	1.959,	3.082,	18.99
0.559,	1.900,	1.958,	3.067,	18.97
0.560,	1.900,	1.958,	3.052,	18.94
0.561,	1.900,	1.957,	3.038,	18.91
0.562,	1.900,	1.956,	3.024,	18.88
0.563,	1.900,	1.955,	3.009,	18.85
0.564,	1.900,	1.954,	2.996,	18.82
0.565,	1.900,	1.953,	2.982,	18.79
0.566,	1.900,	1.952,	2.968,	18.76
0.567,	1.900,	1.951,	2.955,	18.73
0.568,	1.900,	1.951,	2.942,	18.70
0.569,	1.900,	1.950,	2.929,	18.67
0.570,	1.900,	1.949,	2.916,	18.64
0.571,	1.900,	1.948,	2.904,	18.61
0.572,	1.900,	1.947,	2.891,	18.58
0.573,	1.900,	1.947,	2.879,	18.55
0.574,	1.900,	1.946,	2.867,	18.52
0.575,	1.900,	1.945,	2.855,	18.48
0.576,	1.900,	1.944,	2.843,	18.45
0.577,	1.900,	1.944,	2.832,	18.42
0.578,	1.900,	1.943,	2.820,	18.39
0.579,	1.900,	1.942,	2.809,	18.36
0.580,	1.900,	1.942,	2.798,	18.33
0.581,	1.900,	1.941,	2.787,	18.30
0.582,	1.900,	1.940,	2.776,	18.26
0.583,	1.900,	1.940,	2.765,	18.23
0.584,	1.900,	1.939,	2.755,	18.20
0.585,	1.900,	1.938,	2.744,	18.17
0.586,	1.900,	1.938,	2.734,	18.13
0.587,	1.900,	1.937,	2.724,	18.10
0.588,	1.900,	1.936,	2.714,	18.07
0.589,	1.900,	1.936,	2.704,	18.03
0.590,	1.900,	1.935,	2.694,	18.00
0.591,	1.900,	1.935,	2.684,	17.97
0.592,	1.900,	1.934,	2.675,	17.93
0.593,	1.900,	1.933,	2.665,	17.90
0.594,	1.900,	1.933,	2.656,	17.87
0.595,	1.900,	1.932,	2.647,	17.83
0.596,	1.900,	1.932,	2.638,	17.80
0.597,	1.900,	1.931,	2.629,	17.76
0.598,	1.900,	1.931,	2.620,	17.73
0.599,	1.900,	1.930,	2.612,	17.69
0.600,	1.900,	1.930,	2.603,	17.66
0.601,	1.900,	1.929,	2.594,	17.62
0.602,	1.900,	1.929,	2.586,	17.59
0.603,	1.900,	1.928,	2.578,	17.55
0.604,	1.900,	1.928,	2.570,	17.52
0.605,	1.900,	1.927,	2.562,	17.48
0.606,	1.900,	1.927,	2.554,	17.44
0.607,	1.900,	1.926,	2.546,	17.41
0.608,	1.900,	1.926,	2.538,	17.37
0.609,	1.900,	1.925,	2.530,	17.33
0.610,	1.900,	1.925,	2.523,	17.30
0.611,	1.900,	1.925,	2.515,	17.26
0.612,	1.900,	1.924,	2.508,	17.22
0.613,	1.900,	1.924,	2.501,	17.18
0.614,	1.900,	1.923,	2.493,	17.15
0.615,	1.900,	1.923,	2.486,	17.11
0.616,	1.900,	1.923,	2.479,	17.07
0.617,	1.900,	1.922,	2.472,	17.03
0.618,	1.900,	1.922,	2.465,	16.99
0.619,	1.900,	1.921,	2.459,	16.95
0.620,	1.900,	1.921,	2.452,	16.91
0.621,	1.900,	1.921,	2.445,	16.87
0.622,	1.900,	1.920,	2.439,	16.83
0.623,	1.900,	1.920,	2.432,	16.79
0.624,	1.900,	1.920,	2.426,	16.75
0.625,	1.900,	1.919,	2.420,	16.71
0.626,	1.900,	1.919,	2.413,	16.67
0.627,	1.900,	1.919,	2.407,	16.63
0.628,	1.900,	1.918,	2.401,	16.59
0.629,	1.900,	1.918,	2.395,	16.55
0.630,	1.900,	1.918,	2.389,	16.51
0.631,	1.900,	1.917,	2.383,	16.46
0.632,	1.900,	1.917,	2.378,	16.42
0.633,	1.900,	1.917,	2.372,	16.38
0.634,	1.900,	1.916,	2.366,	16.33
0.635,	1.900,	1.916,	2.361,	16.29
0.636,	1.900,	1.916,	2.355,	16.25
0.637,	1.900,	1.916,	2.350,	16.20
0.638,	1.900,	1.915,	2.344,	16.16
0.639,	1.900,	1.915,	2.339,	16.11
0.640,	1.900,	1.915,	2.334,	16.07
0.641,	1.900,	1.915,	2.328,	16.02
0.642,	1.900,	1.914,	2.323,	15.98
0.643,	1.900,	1.914,	2.318,	15.93
0.644,	1.900,	1.914,	2.313,	15.88
0.645,	1.900,	1.914,	2.308,	15.84
0.646,	1.900,	1.913,	2.303,	15.79
0.647,	1.900,	1.913,	2.299,	15.74
0.648,	1.900,	1.913,	2.294,	15.69
0.649,	1.900,	1.913,	2.289,	15.65
0.650,	1.900,	1.912,	2.284,	15.60
0.651,	1.900,	1.912,	2.280,	15.55
0.652,	1.900,	1.912,	2.275,	15.50
0.653,	1.900,	1.912,	2.271,	15.45
0.654,	1.900,	1.912,	2.266,	15.40
0.655,	1.900,	1.911,	2.262,	15.35
0.656,	1.900,	1.911,	2.257,	15.30
0.657,	1.900,	1.911,	2.253,	15.24
0.658,	1.900,	1.911,	2.249,	15.19
0.659,	1.900,	1.911,	2.245,	15.14
0.660,	1.900,	1.910,	2.241,	15.09
0.661,	1.900,	1.910,	2.237,	15.03
0.662,	1.900,	1.910,	2.232,	14.98
0.663,	1.900,	1.910,	2.229,	14.92
0.664,	1.900,	1.910,	2.225,	14.87
0.665,	1.900,	1.909,	2.221,	14.81
0.666,	1.900,	1.909,	2.217,	14.76
0.667,	1.900,	1.909,	2.213,	14.70
0.668,	1.900,	1.909,	2.209,	14.64
0.669,	1.900,	1.909,	2.206,	14.58
0.670,	1.900,	1.909,	2.202,	14.52
0.671,	1.900,	1.908,	2.198,	14.47
0.672,	1.900,	1.908,	2.195,	14.41
0.673,	1.900,	1.908,	2.191,	14.35
0.674,	1.900,	1.908,	2.188,	14.28
0.675,	1.900,	1.908,	2.184,	14.22
0.676,	1.900,	1.908,	2.181,	14.16
0.677,	1.900,	1.908,	2.177,	14.10
0.678,	1.900,	1.907,	2.174,	14.03
0.679,	1.900,	1.907,	2.171,	13.97
0.680,	1.900,	1.907,	2.167,	13.90
0.681,	1.900,	1.907,	2.164,	13.84
0.682,	1.900,	1.907,	2.161,	13.77
0.683,	1.900,	1.907,	2.158,	13.70
0.684,	1.900,	1.907,	2.155,	13.63
0.685,	1.900,	1.906,	2.152,	13.56
0.686,	1.900,	1.906,	2.149,	13.49
0.687,	1.900,	1.906,	2.146,	13.42
0.688,	1.900,	1.906,	2.143,	13.35
0.689,	1.900,	1.906,	2.140,	13.27
0.690,	1.900,	1.906,	2.137,	13.20
0.691,	1.900,	1.906,	2.134,	13.13
0.692,	1.900,	1.906,	2.131,	13.05
0.693,	1.900,	1.906,	2.128,	12.97
0.694,	1.900,	1.905,	2.126,	12.89
0.695,	1.900,	1.905,	2.123,	12.81
0.696,	1.900,	1.905,	2.120,	12.73
0.697,	1.900,	1.905,	2.118,	12.65
0.698,	1.900,	1.905,	2.115,	12.57
0.699,	1.900,	1.905,	2.112,	12.48
0.700,	1.900,	1.905,	2.110,	12.39
0.701,	1.900,	1.905,	2.107,	12.31
0.702,	1.900,	1.905,	2.105,	12.22
0.703,	1.900,	1.905,	2.102,	12.13
0.704,	1.900,	1.905,	2.100,	12.03
0.705,	1.900,	1.904,	2.097,	11.94
0.706,	1.900,	1.904,	2.095,	11.84
0.707,	1.900,	1.904,	2.093,	11.75
0.708,	1.900,	1.904,	2.090,	11.65
0.709,	1.900,	1.904,	2.088,	11.54
0.710,	1.900,	1.904,	2.086,	11.44
0.711,	1.900,	1.904,	2.083,	11.34
0.712,	1.900,	1.904,	2.081,	11.23
0.713,	1.900,	1.904,	2.079,	11.12
0.714,	1.900,	1.904,	2.077,	11.00
0.715,	1.900,	1.904,	2.075,	10.89
0.716,	1.900,	1.904,	2.072,	10.77
0.717,	1.900,	1.904,	2.070,	10.65
0.718,	1.900,	1.903,	2.068,	10.53
0.719,	1.900,	1.903,	2.066,	10.40
0.720,	1.900,	1.903,	2.064,	10.27
0.721,	1.900,	1.903,	2.062,	10.14
0.722,	1.900,	1.903,	2.060,	10.00
0.723,	1.900,	1.903,	2.058,	9.862
0.724,	1.900,	1.903,	2.056,	9.717
0.725,	1.900,	1.903,	2.054,	9.567
0.726,	1.900,	1.903,	2.053,	9.412
0.727,	1.900,	1.903,	2.051,	9.253
0.728,	1.900,	1.903,	2.049,	9.087
0.729,	1.900,	1.903,	2.047,	8.916
0.730,	1.900,	1.903,	2.045,	8.740
0.731,	1.900,	1.903,	2.043,	8.558
0.732,	1.900,	1.903,	2.042,	8.373
0.733,	1.900,	1.903,	2.040,	8.186
0.734,	1.900,	1.903,	2.038,	8.002
0.735,	1.900,	1.902,	2.037,	7.823
0.736,	1.900,	1.902,	2.035,	7.653
0.737,	1.900,	1.902,	2.033,	7.492
0.738,	1.900,	1.902,	2.032,	7.340
0.739,	1.900,	1.902,	2.030,	7.196
0.740,	1.900,	1.902,	2.028,	7.060
0.741,	1.900,	1.902,	2.027,	6.930
0.742,	1.900,	1.902,	2.025,	6.806
0.743,	1.900,	1.902,	2.024,	6.689
0.744,	1.900,	1.902,	2.022,	6.576
0.745,	1.900,	1.902,	2.021,	6.468
0.746,	1.900,	1.902,	2.019,	6.365
0.747,	1.900,	1.902,	2.018,	6.266
0.748,	1.900,	1.902,	2.016,	6.171
0.749,	1.900,	1.902,	2.015,	6.080
0.750,	1.900,	1.902,	2.013,	5.992
0.751,	1.900,	1.902,	2.012,	5.908
0.752,	1.900,	1.902,	2.011,	5.826
0.753,	1.900,	1.902,	2.009,	5.747
0.754,	1.900,	1.902,	2.008,	5.671
0.755,	1.900,	1.902,	2.007,	5.598
0.756,	1.900,	1.902,	2.005,	5.527
0.757,	1.900,	1.902,	2.004,	5.458
0.758,	1.900,	1.902,	2.003,	5.392
0.759,	1.900,	1.902,	2.001,	5.327
0.760,	1.900,	1.901,	2.000,	5.265
0.761,	1.900,	1.901,	1.999,	5.204
0.762,	1.900,	1.901,	1.998,	5.145
0.763,	1.900,	1.901,	1.996,	5.088
0.764,	1.900,	1.901,	1.995,	5.032
0.765,	1.900,	1.901,	1.994,	4.978
0.766,	1.900,	1.901,	1.993,	4.925
0.767,	1.900,	1.901,	1.992,	4.874
0.768,	1.900,	1.901,	1.991,	4.824
0.769,	1.900,	1.901,	1.989,	4.776
0.770,	1.900,	1.901,	1.988,	4.728
0.771,	1.900,	1.901,	1.987,	4.682
0.772,	1.900,	1.901,	1.986,	4.637
0.773,	1.900,	1.901,	1.985,	4.593
0.774,	1.900,	1.901,	1.984,	4.550
0.775,	1.900,	1.901,	1.983,	4.508
0.776,	1.900,	1.901,	1.982,	4.467
0.777,	1.900,	1.901,	1.981,	4.428
0.778,	1.900,	1.901,	1.980,	4.388
0.779,	1.900,	1.901,	1.979,	4.350
0.780,	1.900,	1.901,	1.978,	4.313
0.781,	1.900,	1.901,	1.977,	4.276
0.782,	1.900,	1.901,	1.976,	4.241
0.783,	1.900,	1.901,	1.975,	4.206
0.784,	1.900,	1.901,	1.974,	4.172
0.785,	1.900,	1.901,	1.973,	4.138
0.786,	1.900,	1.901,	1.972,	4.105
0.787,	1.900,	1.901,	1.971,	4.073
0.788,	1.900,	1.901,	1.970,	4.042
0.789,	1.900,	1.901,	1.969,	4.011
0.790,	1.900,	1.901,	1.969,	3.981
0.791,	1.900,	1.901,	1.968,	3.951
0.792,	1.900,	1.901,	1.967,	3.922
0.793,	1.900,	1.901,	1.966,	3.894
0.794,	1.900,	1.901,	1.965,	3.866
0.795,	1.900,	1.901,	1.964,	3.838
0.796,	1.900,	1.901,	1.964,	3.811
0.797,	1.900,	1.901,	1.963,	3.785
0.798,	1.900,	1.901,	1.962,	3.759
0.799,	1.900,	1.901,	1.961,	3.734
0.800,	1.900,	1.901,	1.960,	3.709
0.801,	1.900,	1.901,	1.960,	3.684
0.802,	1.900,	1.901,	1.959,	3.660
0.803,	1.900,	1.901,	1.958,	3.636
0.804,	1.900,	1.901,	1.957,	3.613
0.805,	1.900,	1.901,	1.957,	3.590
0.806,	1.900,	1.901,	1.956,	3.568
0.807,	1.900,	1.901,	1.955,	3.546
0.808,	1.900,	1.901,	1.954,	3.524
0.809,	1.900,	1.901,	1.954,	3.503
0.810,	1.900,	1.901,	1.953,	3.482
0.811,	1.900,	1.901,	1.952,	3.461
0.812,	1.900,	1.900,	1.952,	3.441
0.813,	1.900,	1.900,	1.951,	3.421
0.814,	1.900,	1.900,	1.950,	3.401
0.815,	1.900,	1.900,	1.950,	3.382
0.816,	1.900,	1.900,	1.949,	3.363
0.817,	1.900,	1.900,	1.949,	3.344
0.818,	1.900,	1.900,	1.948,	3.326
0.819,	1.900,	1.900,	1.947,	3.308
0.820,	1.900,	1.900,	1.947,	3.290
0.821,	1.900,	1.900,	1.946,	3.272
0.822,	1.900,	1.900,	1.946,	3.255
0.823,	1.900,	1.900,	1.945,	3.238
0.824,	1.900,	1.900,	1.944,	3.221
0.825,	1.900,	1.900,	1.944,	3.205
0.826,	1.900,	1.900,	1.943,	3.189
0.827,	1.900,	1.900,	1.943,	3.173
0.828,	1.900,	1.900,	1.942,	3.157
0.829,	1.900,	1.900,	1.942,	3.142
0.830,	1.900,	1.900,	1.941,	3.126
0.831,	1.900,	1.900,	1.941,	3.111
0.832,	1.900,	1.900,	1.940,	3.097
0.833,	1.900,	1.900,	1.939,	3.082
0.834,	1.900,	1.900,	1.939,	3.068
0.835,	1.900,	1.900,	1.938,	3.054
0.836,	1.900,	1.900,	1.938,	3.040
0.837,	1.900,	1.900,	1.937,	3.026
0.838,	1.900,	1.900,	1.937,	3.012
0.839,	1.900,	1.900,	1.937,	2.999
0.840,	1.900,	1.900,	1.936,	2.986
0.841,	1.900,	1.900,	1.936,	2.973
0.842,	1.900,	1.900,	1.935,	2.960
0.843,	1.900,	1.900,	1.935,	2.948
0.844,	1.900,	1.900,	1.934,	2.935
0.845,	1.900,	1.900,	1.934,	2.923
0.846,	1.900,	1.900,	1.933,	2.911
0.847,	1.900,	1.900,	1.933,	2.899
0.848,	1.900,	1.900,	1.933,	2.887
0.849,	1.900,	1.900,	1.932,	2.876
0.850,	1.900,	1.900,	1.932,	2.864
0.851,	1.900,	1.900,	1.931,	2.853
0.852,	1.900,	1.900,	1.931,	2.842
0.853,	1.900,	1.900,	1.930,	2.831
0.854,	1.900,	1.900,	1.930,	2.820
0.855,	1.900,	1.900,	1.930,	2.810
0.856,	1.900,	1.900,	1.929,	2.799
0.857,	1.900,	1.900,	1.929,	2.789
0.858,	1.900,	1.900,	1.929,	2.779
0.859,	1.900,	1.900,	1.928,	2.769
0.860,	1.900,	1.900,	1.928,	2.759
0.861,	1.900,	1.900,	1.927,	2.749
0.862,	1.900,	1.900,	1.927,	2.740
0.863,	1.900,	1.900,	1.927,	2.730
0.864,	1.900,	1.900,	1.926,	2.721
0.865,	1.900,	1.900,	1.926,	2.712
0.866,	1.900,	1.900,	1.926,	2.703
0.867,	1.900,	1.900,	1.925,	2.694
0.868,	1.900,	1.900,	1.925,	2.685
0.869,	1.900,	1.900,	1.925,	2.676
0.870,	1.900,	1.900,	1.924,	2.668
0.871,	1.900,	1.900,	1.924,	2.659
0.872,	1.900,	1.900,	1.924,	2.651
0.873,	1.900,	1.900,	1.924,	2.642
0.874,	1.900,	1.900,	1.923,	2.634
0.875,	1.900,	1.900,	1.923,	2.626
0.876,	1.900,	1.900,	1.923,	2.618
0.877,	1.900,	1.900,	1.922,	2.611
0.878,	1.900,	1.900,	1.922,	2.603
0.879,	1.900,	1.900,	1.922,	2.595
0.880,	1.900,	1.900,	1.922,	2.588
0.881,	1.900,	1.900,	1.921,	2.581
0.882,	1.900,	1.900,	1.921,	2.573
0.883,	1.900,	1.900,	1.921,	2.566
0.884,	1.900,	1.900,	1.920,	2.559
0.885,	1.900,	1.900,	1.920,	2.552
0.886,	1.900,	1.900,	1.920,	2.545
0.887,	1.900,	1.900,	1.920,	2.538
0.888,	1.900,	1.900,	1.919,	2.532
0.889,	1.900,	1.900,	1.919,	2.525
0.890,	1.900,	1.900,	1.919,	2.519
0.891,	1.900,	1.900,	1.919,	2.512
0.892,	1.900,	1.900,	1.919,	2.506
0.893,	1.900,	1.900,	1.918,	2.500
0.894,	1.900,	1.900,	1.918,	2.494
0.895,	1.900,	1.900,	1.918,	2.488
0.896,	1.900,	1.900,	1.918,	2.482
0.897,	1.900,	1.900,	1.917,	2.476
0.898,	1.900,	1.900,	1.917,	2.470
0.899,	1.900,	1.900,	1.917,	2.464
0.900,	1.900,	1.900,	1.917,	2.459
0.901,	1.900,	1.900,	1.917,	2.453
0.902,	1.900,	1.900,	1.916,	2.448
0.903,	1.900,	1.900,	1.916,	2.442
0.904,	1.900,	1.900,	1.916,	2.437
0.905,	1.900,	1.900,	1.916,	2.432
0.906,	1.900,	1.900,	1.916,	2.427
0.907,	1.900,	1.900,	1.915,	2.421
0.908,	1.900,	1.900,	1.915,	2.416
0.909,	1.900,	1.900,	1.915,	2.412
0.910,	1.900,	1.900,	1.915,	2.407
0.911,	1.900,	1.900,	1.915,	2.402
0.912,	1.900,	1.900,	1.915,	2.397
0.913,	1.900,	1.900,	1.914,	2.393
0.914,	1.900,	1.900,	1.914,	2.388
0.915,	1.900,	1.900,	1.914,	2.383
0.916,	1.900,	1.900,	1.914,	2.379
0.917,	1.900,	1.900,	1.914,	2.375
0.918,	1.900,	1.900,	1.914,	2.370
0.919,	1.900,	1.900,	1.913,	2.366
0.920,	1.900,	1.900,	1.913,	2.362
0.921,	1.900,	1.900,	1.913,	2.358
0.922,	1.900,	1.900,	1.913,	2.354
0.923,	1.900,	1.900,	1.913,	2.350
0.924,	1.900,	1.900,	1.913,	2.346
0.925,	1.900,	1.900,	1.913,	2.342
0.926,	1.900,	1.900,	1.912,	2.338
0.927,	1.900,	1.900,	1.912,	2.335
0.928,	1.900,	1.900,	1.912,	2.331
0.929,	1.900,	1.900,	1.912,	2.327
0.930,	1.900,	1.900,	1.912,	2.324
0.931,	1.900,	1.900,	1.912,	2.321
0.932,	1.900,	1.900,	1.912,	2.317
0.933,	1.900,	1.900,	1.911,	2.314
0.934,	1.900,	1.900,	1.911,	2.311
0.935,	1.900,	1.900,	1.911,	2.307
0.936,	1.900,	1.900,	1.911,	2.304
0.937,	1.900,	1.900,	1.911,	2.301
0.938,	1.900,	1.900,	1.911,	2.298
0.939,	1.900,	1.900,	1.911,	2.295
0.940,	1.900,	1.900,	1.911,	2.292
0.941,	1.900,	1.900,	1.911,	2.289
0.942,	1.900,	1.900,	1.910,	2.286
0.943,	1.900,	1.900,	1.910,	2.284
0.944,	1.900,	1.900,	1.910,	2.281
0.945,	1.900,	1.900,	1.910,	2.278
0.946,	1.900,	1.900,	1.910,	2.276
0.947,	1.900,	1.900,	1.910,	2.273
0.948,	1.900,	1.900,	1.910,	2.271
0.949,	1.900,	1.900,	1.910,	2.268
0.950,	1.900,	1.900,	1.910,	2.266
0.951,	1.900,	1.900,	1.910,	2.263
0.952,	1.900,	1.900,	1.910,	2.261
0.953,	1.900,	1.900,	1.910,	2.259
0.954,	1.900,	1.900,	1.909,	2.257
0.955,	1.900,	1.900,	1.909,	2.255
0.956,	1.900,	1.900,	1.909,	2.253
0.957,	1.900,	1.900,	1.909,	2.251
0.958,	1.900,	1.900,	1.909,	2.249
0.959,	1.900,	1.900,	1.909,	2.247
0.960,	1.900,	1.900,	1.909,	2.245
0.961,	1.900,	1.900,	1.909,	2.243
0.962,	1.900,	1.900,	1.909,	2.241
0.963,	1.900,	1.900,	1.909,	2.239
0.964,	1.900,	1.900,	1.909,	2.238
0.965,	1.900,	1.900,	1.909,	2.236
0.966,	1.900,	1.900,	1.909,	2.235
0.967,	1.900,	1.900,	1.909,	2.233
0.968,	1.900,	1.900,	1.909,	2.232
0.969,	1.900,	1.900,	1.908,	2.230
0.970,	1.900,	1.900,	1.908,	2.229
0.971,	1.900,	1.900,	1.908,	2.227
0.972,	1.900,	1.900,	1.908,	2.226
0.973,	1.900,	1.900,	1.908,	2.225
0.974,	1.900,	1.900,	1.908,	2.224
0.975,	1.900,	1.900,	1.908,	2.222
0.976,	1.900,	1.900,	1.908,	2.221
0.977,	1.900,	1.900,	1.908,	2.220
0.978,	1.900,	1.900,	1.908,	2.219
0.979,	1.900,	1.900,	1.908,	2.218
0.980,	1.900,	1.900,	1.908,	2.217
0.981,	1.900,	1.900,	1.908,	2.217
0.982,	1.900,	1.900,	1.908,	2.216
0.983,	1.900,	1.900,	1.908,	2.215
0.984,	1.900,	1.900,	1.908,	2.214
0.985,	1.900,	1.900,	1.908,	2.213
0.986,	1.900,	1.900,	1.908,	2.213
0.987,	1.900,	1.900,	1.908,	2.212
0.988,	1.900,	1.900,	1.908,	2.212
0.989,	1.900,	1.900,	1.908,	2.211
0.990,	1.900,	1.900,	1.908,	2.211
0.991,	1.900,	1.900,	1.908,	2.210
0.992,	1.900,	1.900,	1.908,	2.210
0.993,	1.900,	1.900,	1.908,	2.210
0.994,	1.900,	1.900,	1.908,	2.209
0.995,	1.900,	1.900,	1.908,	2.209
0.996,	1.900,	1.900,	1.908,	2.209
0.997,	1.900,	1.900,	1.908,	2.209
0.998,	1.900,	1.900,	1.908,	2.209
0.999,	1.900,	1.900,	1.908,	2.208
1.000,	1.900,	1.900,	1.908,	2.208
