posx, temperature
0.000, 20.000
0.001, 19.993
0.002, 19.971
0.003, 19.934
0.004, 19.883
0.005, 19.818
0.006, 19.739
0.007, 19.645
0.008, 19.538
0.009, 19.417
0.010, 19.283
0.011, 19.137
0.012, 18.977
0.013, 18.806
0.014, 18.622
0.015, 18.428
0.016, 18.222
0.017, 18.006
0.018, 17.780
0.019, 17.544
0.020, 17.300
0.021, 17.047
0.022, 16.786
0.023, 16.518
0.024, 16.243
0.025, 15.962
0.026, 15.675
0.027, 15.383
0.028, 15.087
0.029, 14.787
0.030, 14.483
0.031, 14.177
0.032, 13.869
0.033, 13.559
0.034, 13.247
0.035, 12.935
0.036, 12.623
0.037, 12.312
0.038, 12.001
0.039, 11.692
0.040, 11.384
0.041, 11.079
0.042, 10.776
0.043, 10.477
0.044, 10.181
0.045, 9.888
0.046, 9.600
0.047, 9.316
0.048, 9.037
0.049, 8.763
0.050, 8.494
0.051, 8.230
0.052, 7.972
0.053, 7.720
0.054, 7.474
0.055, 7.234
0.056, 7.000
0.057, 6.772
0.058, 6.551
0.059, 6.336
0.060, 6.128
0.061, 5.927
0.062, 5.731
0.063, 5.543
0.064, 5.361
0.065, 5.185
0.066, 5.016
0.067, 4.853
0.068, 4.696
0.069, 4.545
0.070, 4.401
0.071, 4.263
0.072, 4.130
0.073, 4.003
0.074, 3.882
0.075, 3.766
0.076, 3.656
0.077, 3.550
0.078, 3.450
0.079, 3.355
0.080, 3.265
0.081, 3.179
0.082, 3.097
0.083, 3.020
0.084, 2.947
0.085, 2.878
0.086, 2.813
0.087, 2.751
0.088, 2.693
0.089, 2.638
0.090, 2.587
0.091, 2.538
0.092, 2.493
0.093, 2.450
0.094, 2.410
0.095, 2.373
0.096, 2.338
0.097, 2.305
0.098, 2.274
0.099, 2.245
0.100, 2.219
0.101, 2.194
0.102, 2.171
0.103, 2.149
0.104, 2.129
0.105, 2.111
0.106, 2.093
0.107, 2.078
0.108, 2.063
0.109, 2.049
0.110, 2.036
0.111, 2.025
0.112, 2.014
0.113, 2.004
0.114, 1.995
0.115, 1.987
0.116, 1.979
0.117, 1.972
0.118, 1.965
0.119, 1.959
0.120, 1.954
0.121, 1.949
0.122, 1.944
0.123, 1.940
0.124, 1.936
0.125, 1.933
0.126, 1.930
0.127, 1.927
0.128, 1.924
0.129, 1.922
0.130, 1.920
0.131, 1.918
0.132, 1.916
0.133, 1.914
0.134, 1.913
0.135, 1.911
0.136, 1.910
0.137, 1.909
0.138, 1.908
0.139, 1.907
0.140, 1.907
0.141, 1.906
0.142, 1.905
0.143, 1.905
0.144, 1.904
0.145, 1.904
0.146, 1.903
0.147, 1.903
0.148, 1.903
0.149, 1.902
0.150, 1.902
0.151, 1.902
0.152, 1.902
0.153, 1.901
0.154, 1.901
0.155, 1.901
0.156, 1.901
0.157, 1.901
0.158, 1.901
0.159, 1.901
0.160, 1.901
0.161, 1.901
0.162, 1.900
0.163, 1.900
0.164, 1.900
0.165, 1.900
0.166, 1.900
0.167, 1.900
0.168, 1.900
0.169, 1.900
0.170, 1.900
0.171, 1.900
0.172, 1.900
0.173, 1.900
0.174, 1.900
0.175, 1.900
0.176, 1.900
0.177, 1.900
0.178, 1.900
0.179, 1.900
0.180, 1.900
0.181, 1.900
0.182, 1.900
0.183, 1.900
0.184, 1.900
0.185, 1.900
0.186, 1.900
0.187, 1.900
0.188, 1.900
0.189, 1.900
0.190, 1.900
0.191, 1.900
0.192, 1.900
0.193, 1.900
0.194, 1.900
0.195, 1.900
0.196, 1.900
0.197, 1.900
0.198, 1.900
0.199, 1.900
0.200, 1.900
0.201, 1.900
0.202, 1.900
0.203, 1.900
0.204, 1.900
0.205, 1.900
0.206, 1.900
0.207, 1.900
0.208, 1.900
0.209, 1.900
0.210, 1.900
0.211, 1.900
0.212, 1.900
0.213, 1.900
0.214, 1.900
0.215, 1.900
0.216, 1.900
0.217, 1.900
0.218, 1.900
0.219, 1.900
0.220, 1.900
0.221, 1.900
0.222, 1.900
0.223, 1.900
0.224, 1.900
0.225, 1.900
0.226, 1.900
0.227, 1.900
0.228, 1.900
0.229, 1.900
0.230, 1.900
0.231, 1.900
0.232, 1.900
0.233, 1.900
0.234, 1.900
0.235, 1.900
0.236, 1.900
0.237, 1.900
0.238, 1.900
0.239, 1.900
0.240, 1.900
0.241, 1.900
0.242, 1.900
0.243, 1.900
0.244, 1.900
0.245, 1.900
0.246, 1.900
0.247, 1.900
0.248, 1.900
0.249, 1.900
0.250, 1.900
0.251, 1.900
0.252, 1.900
0.253, 1.900
0.254, 1.900
0.255, 1.900
0.256, 1.900
0.257, 1.900
0.258, 1.900
0.259, 1.900
0.260, 1.900
0.261, 1.900
0.262, 1.900
0.263, 1.900
0.264, 1.900
0.265, 1.900
0.266, 1.900
0.267, 1.900
0.268, 1.900
0.269, 1.900
0.270, 1.900
0.271, 1.900
0.272, 1.900
0.273, 1.900
0.274, 1.900
0.275, 1.900
0.276, 1.900
0.277, 1.900
0.278, 1.900
0.279, 1.900
0.280, 1.900
0.281, 1.900
0.282, 1.900
0.283, 1.900
0.284, 1.900
0.285, 1.900
0.286, 1.900
0.287, 1.900
0.288, 1.900
0.289, 1.900
0.290, 1.900
0.291, 1.900
0.292, 1.900
0.293, 1.900
0.294, 1.900
0.295, 1.900
0.296, 1.900
0.297, 1.900
0.298, 1.900
0.299, 1.900
0.300, 1.900
0.301, 1.900
0.302, 1.900
0.303, 1.900
0.304, 1.900
0.305, 1.900
0.306, 1.900
0.307, 1.900
0.308, 1.900
0.309, 1.900
0.310, 1.900
0.311, 1.900
0.312, 1.900
0.313, 1.900
0.314, 1.900
0.315, 1.900
0.316, 1.900
0.317, 1.900
0.318, 1.900
0.319, 1.900
0.320, 1.900
0.321, 1.900
0.322, 1.900
0.323, 1.900
0.324, 1.900
0.325, 1.900
0.326, 1.900
0.327, 1.900
0.328, 1.900
0.329, 1.900
0.330, 1.900
0.331, 1.900
0.332, 1.900
0.333, 1.900
0.334, 1.900
0.335, 1.900
0.336, 1.900
0.337, 1.900
0.338, 1.900
0.339, 1.900
0.340, 1.900
0.341, 1.900
0.342, 1.900
0.343, 1.900
0.344, 1.900
0.345, 1.900
0.346, 1.900
0.347, 1.900
0.348, 1.900
0.349, 1.900
0.350, 1.900
0.351, 1.900
0.352, 1.900
0.353, 1.900
0.354, 1.900
0.355, 1.900
0.356, 1.900
0.357, 1.900
0.358, 1.900
0.359, 1.900
0.360, 1.900
0.361, 1.900
0.362, 1.900
0.363, 1.900
0.364, 1.900
0.365, 1.900
0.366, 1.900
0.367, 1.900
0.368, 1.900
0.369, 1.900
0.370, 1.900
0.371, 1.900
0.372, 1.900
0.373, 1.900
0.374, 1.900
0.375, 1.900
0.376, 1.900
0.377, 1.900
0.378, 1.900
0.379, 1.900
0.380, 1.900
0.381, 1.900
0.382, 1.900
0.383, 1.900
0.384, 1.900
0.385, 1.900
0.386, 1.900
0.387, 1.900
0.388, 1.900
0.389, 1.900
0.390, 1.900
0.391, 1.900
0.392, 1.900
0.393, 1.900
0.394, 1.900
0.395, 1.900
0.396, 1.900
0.397, 1.900
0.398, 1.900
0.399, 1.900
0.400, 1.900
0.401, 1.900
0.402, 1.900
0.403, 1.900
0.404, 1.900
0.405, 1.900
0.406, 1.900
0.407, 1.900
0.408, 1.900
0.409, 1.900
0.410, 1.900
0.411, 1.900
0.412, 1.900
0.413, 1.900
0.414, 1.900
0.415, 1.900
0.416, 1.900
0.417, 1.900
0.418, 1.900
0.419, 1.900
0.420, 1.900
0.421, 1.900
0.422, 1.900
0.423, 1.900
0.424, 1.900
0.425, 1.900
0.426, 1.900
0.427, 1.900
0.428, 1.900
0.429, 1.900
0.430, 1.900
0.431, 1.900
0.432, 1.900
0.433, 1.900
0.434, 1.900
0.435, 1.900
0.436, 1.900
0.437, 1.900
0.438, 1.900
0.439, 1.900
0.440, 1.900
0.441, 1.900
0.442, 1.900
0.443, 1.900
0.444, 1.900
0.445, 1.900
0.446, 1.900
0.447, 1.900
0.448, 1.900
0.449, 1.900
0.450, 1.900
0.451, 1.900
0.452, 1.900
0.453, 1.900
0.454, 1.900
0.455, 1.900
0.456, 1.900
0.457, 1.900
0.458, 1.900
0.459, 1.900
0.460, 1.900
0.461, 1.900
0.462, 1.900
0.463, 1.900
0.464, 1.900
0.465, 1.900
0.466, 1.900
0.467, 1.900
0.468, 1.900
0.469, 1.900
0.470, 1.900
0.471, 1.900
0.472, 1.900
0.473, 1.900
0.474, 1.900
0.475, 1.900
0.476, 1.900
0.477, 1.900
0.478, 1.900
0.479, 1.900
0.480, 1.900
0.481, 1.900
0.482, 1.900
0.483, 1.900
0.484, 1.900
0.485, 1.900
0.486, 1.900
0.487, 1.900
0.488, 1.900
0.489, 1.900
0.490, 1.900
0.491, 1.900
0.492, 1.900
0.493, 1.900
0.494, 1.900
0.495, 1.900
0.496, 1.900
0.497, 1.900
0.498, 1.900
0.499, 1.900
0.500, 1.900
0.501, 1.900
0.502, 1.900
0.503, 1.900
0.504, 1.900
0.505, 1.900
0.506, 1.900
0.507, 1.900
0.508, 1.900
0.509, 1.900
0.510, 1.900
0.511, 1.900
0.512, 1.900
0.513, 1.900
0.514, 1.900
0.515, 1.900
0.516, 1.900
0.517, 1.900
0.518, 1.900
0.519, 1.900
0.520, 1.900
0.521, 1.900
0.522, 1.900
0.523, 1.900
0.524, 1.900
0.525, 1.900
0.526, 1.900
0.527, 1.900
0.528, 1.900
0.529, 1.900
0.530, 1.900
0.531, 1.900
0.532, 1.900
0.533, 1.900
0.534, 1.900
0.535, 1.900
0.536, 1.900
0.537, 1.900
0.538, 1.900
0.539, 1.900
0.540, 1.900
0.541, 1.900
0.542, 1.900
0.543, 1.900
0.544, 1.900
0.545, 1.900
0.546, 1.900
0.547, 1.900
0.548, 1.900
0.549, 1.900
0.550, 1.900
0.551, 1.900
0.552, 1.900
0.553, 1.900
0.554, 1.900
0.555, 1.900
0.556, 1.900
0.557, 1.900
0.558, 1.900
0.559, 1.900
0.560, 1.900
0.561, 1.900
0.562, 1.900
0.563, 1.900
0.564, 1.900
0.565, 1.900
0.566, 1.900
0.567, 1.900
0.568, 1.900
0.569, 1.900
0.570, 1.900
0.571, 1.900
0.572, 1.900
0.573, 1.900
0.574, 1.900
0.575, 1.900
0.576, 1.900
0.577, 1.900
0.578, 1.900
0.579, 1.900
0.580, 1.900
0.581, 1.900
0.582, 1.900
0.583, 1.900
0.584, 1.900
0.585, 1.900
0.586, 1.900
0.587, 1.900
0.588, 1.900
0.589, 1.900
0.590, 1.900
0.591, 1.900
0.592, 1.900
0.593, 1.900
0.594, 1.900
0.595, 1.900
0.596, 1.900
0.597, 1.900
0.598, 1.900
0.599, 1.900
0.600, 1.900
0.601, 1.900
0.602, 1.900
0.603, 1.900
0.604, 1.900
0.605, 1.900
0.606, 1.900
0.607, 1.900
0.608, 1.900
0.609, 1.900
0.610, 1.900
0.611, 1.900
0.612, 1.900
0.613, 1.900
0.614, 1.900
0.615, 1.900
0.616, 1.900
0.617, 1.900
0.618, 1.900
0.619, 1.900
0.620, 1.900
0.621, 1.900
0.622, 1.900
0.623, 1.900
0.624, 1.900
0.625, 1.900
0.626, 1.900
0.627, 1.900
0.628, 1.900
0.629, 1.900
0.630, 1.900
0.631, 1.900
0.632, 1.900
0.633, 1.900
0.634, 1.900
0.635, 1.900
0.636, 1.900
0.637, 1.900
0.638, 1.900
0.639, 1.900
0.640, 1.900
0.641, 1.900
0.642, 1.900
0.643, 1.900
0.644, 1.900
0.645, 1.900
0.646, 1.900
0.647, 1.900
0.648, 1.900
0.649, 1.900
0.650, 1.900
0.651, 1.900
0.652, 1.900
0.653, 1.900
0.654, 1.900
0.655, 1.900
0.656, 1.900
0.657, 1.900
0.658, 1.900
0.659, 1.900
0.660, 1.900
0.661, 1.900
0.662, 1.900
0.663, 1.900
0.664, 1.900
0.665, 1.900
0.666, 1.900
0.667, 1.900
0.668, 1.900
0.669, 1.900
0.670, 1.900
0.671, 1.900
0.672, 1.900
0.673, 1.900
0.674, 1.900
0.675, 1.900
0.676, 1.900
0.677, 1.900
0.678, 1.900
0.679, 1.900
0.680, 1.900
0.681, 1.900
0.682, 1.900
0.683, 1.900
0.684, 1.900
0.685, 1.900
0.686, 1.900
0.687, 1.900
0.688, 1.900
0.689, 1.900
0.690, 1.900
0.691, 1.900
0.692, 1.900
0.693, 1.900
0.694, 1.900
0.695, 1.900
0.696, 1.900
0.697, 1.900
0.698, 1.900
0.699, 1.900
0.700, 1.900
0.701, 1.900
0.702, 1.900
0.703, 1.900
0.704, 1.900
0.705, 1.900
0.706, 1.900
0.707, 1.900
0.708, 1.900
0.709, 1.900
0.710, 1.900
0.711, 1.900
0.712, 1.900
0.713, 1.900
0.714, 1.900
0.715, 1.900
0.716, 1.900
0.717, 1.900
0.718, 1.900
0.719, 1.900
0.720, 1.900
0.721, 1.900
0.722, 1.900
0.723, 1.900
0.724, 1.900
0.725, 1.900
0.726, 1.900
0.727, 1.900
0.728, 1.900
0.729, 1.900
0.730, 1.900
0.731, 1.900
0.732, 1.900
0.733, 1.900
0.734, 1.900
0.735, 1.900
0.736, 1.900
0.737, 1.900
0.738, 1.900
0.739, 1.900
0.740, 1.900
0.741, 1.900
0.742, 1.900
0.743, 1.900
0.744, 1.900
0.745, 1.900
0.746, 1.900
0.747, 1.900
0.748, 1.900
0.749, 1.900
0.750, 1.900
0.751, 1.900
0.752, 1.900
0.753, 1.900
0.754, 1.900
0.755, 1.900
0.756, 1.900
0.757, 1.900
0.758, 1.900
0.759, 1.900
0.760, 1.900
0.761, 1.900
0.762, 1.900
0.763, 1.900
0.764, 1.900
0.765, 1.900
0.766, 1.900
0.767, 1.900
0.768, 1.900
0.769, 1.900
0.770, 1.900
0.771, 1.900
0.772, 1.900
0.773, 1.900
0.774, 1.900
0.775, 1.900
0.776, 1.900
0.777, 1.900
0.778, 1.900
0.779, 1.900
0.780, 1.900
0.781, 1.900
0.782, 1.900
0.783, 1.900
0.784, 1.900
0.785, 1.900
0.786, 1.900
0.787, 1.900
0.788, 1.900
0.789, 1.900
0.790, 1.900
0.791, 1.900
0.792, 1.900
0.793, 1.900
0.794, 1.900
0.795, 1.900
0.796, 1.900
0.797, 1.900
0.798, 1.900
0.799, 1.900
0.800, 1.900
0.801, 1.900
0.802, 1.900
0.803, 1.900
0.804, 1.900
0.805, 1.900
0.806, 1.900
0.807, 1.900
0.808, 1.900
0.809, 1.900
0.810, 1.900
0.811, 1.900
0.812, 1.900
0.813, 1.900
0.814, 1.900
0.815, 1.900
0.816, 1.900
0.817, 1.900
0.818, 1.900
0.819, 1.900
0.820, 1.900
0.821, 1.900
0.822, 1.900
0.823, 1.900
0.824, 1.900
0.825, 1.900
0.826, 1.900
0.827, 1.900
0.828, 1.900
0.829, 1.900
0.830, 1.900
0.831, 1.900
0.832, 1.900
0.833, 1.900
0.834, 1.900
0.835, 1.900
0.836, 1.900
0.837, 1.900
0.838, 1.900
0.839, 1.900
0.840, 1.900
0.841, 1.900
0.842, 1.900
0.843, 1.900
0.844, 1.900
0.845, 1.900
0.846, 1.900
0.847, 1.900
0.848, 1.900
0.849, 1.900
0.850, 1.900
0.851, 1.900
0.852, 1.900
0.853, 1.900
0.854, 1.900
0.855, 1.900
0.856, 1.900
0.857, 1.900
0.858, 1.900
0.859, 1.900
0.860, 1.900
0.861, 1.900
0.862, 1.900
0.863, 1.900
0.864, 1.900
0.865, 1.900
0.866, 1.900
0.867, 1.900
0.868, 1.900
0.869, 1.900
0.870, 1.900
0.871, 1.900
0.872, 1.900
0.873, 1.900
0.874, 1.900
0.875, 1.900
0.876, 1.900
0.877, 1.900
0.878, 1.900
0.879, 1.900
0.880, 1.900
0.881, 1.900
0.882, 1.900
0.883, 1.900
0.884, 1.900
0.885, 1.900
0.886, 1.900
0.887, 1.900
0.888, 1.900
0.889, 1.900
0.890, 1.900
0.891, 1.900
0.892, 1.900
0.893, 1.900
0.894, 1.900
0.895, 1.900
0.896, 1.900
0.897, 1.900
0.898, 1.900
0.899, 1.900
0.900, 1.900
0.901, 1.900
0.902, 1.900
0.903, 1.900
0.904, 1.900
0.905, 1.900
0.906, 1.900
0.907, 1.900
0.908, 1.900
0.909, 1.900
0.910, 1.900
0.911, 1.900
0.912, 1.900
0.913, 1.900
0.914, 1.900
0.915, 1.900
0.916, 1.900
0.917, 1.900
0.918, 1.900
0.919, 1.900
0.920, 1.900
0.921, 1.900
0.922, 1.900
0.923, 1.900
0.924, 1.900
0.925, 1.900
0.926, 1.900
0.927, 1.900
0.928, 1.900
0.929, 1.900
0.930, 1.900
0.931, 1.900
0.932, 1.900
0.933, 1.900
0.934, 1.900
0.935, 1.900
0.936, 1.900
0.937, 1.900
0.938, 1.900
0.939, 1.900
0.940, 1.900
0.941, 1.900
0.942, 1.900
0.943, 1.900
0.944, 1.900
0.945, 1.900
0.946, 1.900
0.947, 1.900
0.948, 1.900
0.949, 1.900
0.950, 1.900
0.951, 1.900
0.952, 1.900
0.953, 1.900
0.954, 1.900
0.955, 1.900
0.956, 1.900
0.957, 1.900
0.958, 1.900
0.959, 1.900
0.960, 1.900
0.961, 1.900
0.962, 1.900
0.963, 1.900
0.964, 1.900
0.965, 1.900
0.966, 1.900
0.967, 1.900
0.968, 1.900
0.969, 1.900
0.970, 1.900
0.971, 1.900
0.972, 1.900
0.973, 1.900
0.974, 1.900
0.975, 1.900
0.976, 1.900
0.977, 1.900
0.978, 1.900
0.979, 1.900
0.980, 1.900
0.981, 1.900
0.982, 1.900
0.983, 1.900
0.984, 1.900
0.985, 1.900
0.986, 1.900
0.987, 1.900
0.988, 1.900
0.989, 1.900
0.990, 1.900
0.991, 1.900
0.992, 1.900
0.993, 1.900
0.994, 1.900
0.995, 1.900
0.996, 1.900
0.997, 1.900
0.998, 1.900
0.999, 1.900
1.000, 1.900

