Time, B_0_0_RRR_100, B_3_0_RRR_100, B_0_0_RRR_200, B_3_0_RRR_200
1.000000000000000000e+00,1.553000170158005968e-10,2.621449251083903404e-10,7.765001701580019806e-11,1.927321449998734224e-10
2.000000000000000000e+00,1.553003823638703120e-10,2.621452582059285362e-10,7.765038236366830085e-11,1.927324633908477732e-10
3.000000000000000000e+00,1.553023611599855019e-10,2.621470623277530418e-10,7.765236115228229388e-11,1.927341878543497828e-10
4.000000000000000000e+00,1.553085920461886210e-10,2.621527432042787220e-10,7.765859194419207058e-11,1.927396178485938145e-10
5.000000000000000000e+00,1.553233998824685284e-10,2.621662439879123202e-10,7.767339912606782404e-11,1.927525220882920972e-10
6.000000000000000000e+00,1.553530541888307586e-10,2.621932810212918635e-10,7.770305030170710081e-11,1.927783631375721015e-10
7.000000000000000000e+00,1.554059934450111657e-10,2.622415486912015346e-10,7.775597793882502062e-11,1.928244912822658721e-10
8.000000000000000000e+00,1.554930237108896339e-10,2.623209012726613757e-10,7.784297233367501344e-11,1.929003142153953898e-10
9.000000000000000000e+00,1.556274951635010802e-10,2.624435153170335332e-10,7.797734747565042215e-11,1.930174444619863892e-10
1.000000000000000000e+01,1.558254573450642355e-10,2.626240336834184463e-10,7.817507793718077388e-11,1.931898236441062482e-10
1.100000000000000000e+01,1.561057919522339823e-10,2.628796906293117623e-10,7.845490234333744043e-11,1.934338206343263537e-10
1.200000000000000000e+01,1.564903204580780938e-10,2.632304160812223761e-10,7.883838701889633561e-11,1.937682991021590550e-10
1.300000000000000000e+01,1.570038826184405050e-10,2.636989161717170591e-10,7.934994214067526715e-11,1.942146489495618181e-10
1.400000000000000000e+01,1.576743809798455625e-10,2.643107263461732336e-10,8.001678240119938850e-11,1.947967758402130707e-10
1.500000000000000000e+01,1.585327859625100162e-10,2.650942328683513814e-10,8.086882518807345922e-11,1.955410437284439583e-10
1.600000000000000000e+01,1.596130960780848246e-10,2.660806584920168307e-10,8.193852200265932433e-11,1.964761672968640005e-10
1.700000000000000000e+01,1.609522485278860159e-10,2.673040085480438464e-10,8.326062359687800384e-11,1.976330547772381474e-10
1.800000000000000000e+01,1.625899769886686698e-10,2.688009748628488459e-10,8.487188617432287590e-11,1.990446068537137245e-10
1.900000000000000000e+01,1.645686159715944717e-10,2.706107968953231089e-10,8.681073464529682336e-11,2.007454840271116028e-10
2.000000000000000000e+01,1.669328547963872296e-10,2.727750823199326313e-10,8.911690845055657835e-11,2.027718623219501104e-10
2.100000000000000000e+01,1.697294488795602573e-10,2.753375929572817590e-10,9.183112437695108792e-11,2.051612044231821789e-10
2.200000000000000000e+01,1.730069014250235644e-10,2.783440062792554939e-10,9.499479711027950901e-11,2.079520786979937553e-10
2.300000000000000000e+01,1.768151342338565336e-10,2.818416673341800810e-10,9.864985992680020252e-11,2.111840603872357430e-10
2.400000000000000000e+01,1.812051715020102766e-10,2.858793503017777684e-10,1.028387232845265399e-10,2.148977461095535388e-10
2.500000000000000000e+01,1.862288642720708216e-10,2.905070522984684184e-10,1.076043975811850411e-10,2.191349040658362976e-10
2.600000000000000000e+01,1.919386847319160580e-10,2.957758437443040910e-10,1.129907889744155739e-10,2.239387685301268365e-10
2.700000000000000000e+01,1.983876180362172574e-10,3.017377988780214257e-10,1.190431564860431041e-10,2.293544702688138955e-10
2.800000000000000000e+01,2.056291743425125308e-10,3.084460264119448100e-10,1.258086983439636846e-10,2.354295773769490386e-10
2.900000000000000000e+01,2.137175354061576410e-10,3.159548138044575844e-10,1.333372195786148085e-10,2.422147069251612924e-10
3.000000000000000000e+01,2.227078390905234398e-10,3.243198896574393299e-10,1.416818243545380779e-10,2.497641594910974420e-10
3.100000000000000000e+01,2.326565928143267928e-10,3.335987982957487679e-10,1.508995767443160672e-10,2.581365275287974548e-10
3.200000000000000000e+01,2.436221948698923883e-10,3.438513699473753474e-10,1.610520819268774427e-10,2.673952343335365975e-10
3.300000000000000000e+01,2.556655305964459209e-10,3.551402588958845359e-10,1.722059520847904153e-10,2.776089698529194271e-10
3.400000000000000000e+01,2.688505812163242223e-10,3.675314941278648224e-10,1.844331168790049696e-10,2.888519840513494058e-10
3.500000000000000000e+01,2.832448522487105453e-10,3.810948622148821890e-10,1.978108341230723678e-10,3.012041005379637026e-10
3.600000000000000000e+01,2.989190575972862908e-10,3.959035872073387986e-10,2.124209167620680442e-10,3.147499932320650697e-10
3.700000000000000000e+01,3.159450190366801664e-10,4.120323087224541563e-10,2.283472315588169099e-10,3.295768247235480548e-10
3.800000000000000000e+01,3.343908441735038388e-10,4.295524368345848256e-10,2.456705810981292463e-10,3.457693709449339314e-10
3.900000000000000000e+01,3.543136527385101116e-10,4.485250961315256084e-10,2.644611782227608556e-10,3.634027674387019146e-10
4.000000000000000000e+01,3.757517839143279900e-10,4.689934709850979740e-10,2.847705090452072225e-10,3.825345260752467703e-10
4.100000000000000000e+01,3.987191972183285994e-10,4.909771555287792775e-10,3.066252066323952854e-10,4.031983155766113757e-10
4.200000000000000000e+01,4.232040772032441097e-10,5.144704927322211907e-10,3.300249908385975788e-10,4.254015377347819026e-10
4.300000000000000000e+01,4.491720443744884727e-10,5.394453724574197889e-10,3.549452338180548271e-10,4.491273507697838031e-10
4.400000000000000000e+01,4.765728563734945706e-10,5.658574885332701533e-10,3.813432054645483610e-10,4.743403438771736878e-10
4.500000000000000000e+01,5.053486872779019152e-10,5.936542500702260030e-10,4.091661832075654338e-10,5.009941829725781204e-10
4.600000000000000000e+01,5.354420797977189007e-10,6.227825047256095976e-10,4.383595180793019784e-10,5.290393963794707634e-10
4.700000000000000000e+01,5.668022091281284406e-10,6.531947246491688714e-10,4.688732204913041604e-10,5.584298750407264085e-10
4.800000000000000000e+01,5.993888257420954426e-10,6.848529968555306930e-10,5.006663312702804604e-10,5.891273167002330881e-10
4.900000000000000000e+01,6.331738841141438829e-10,7.177307819416521386e-10,5.337089941487938032e-10,6.211034731657737553e-10
5.000000000000000000e+01,6.681412791244405353e-10,7.518128191328979569e-10,5.679825898413479947e-10,6.543405043383827017e-10
5.100000000000000000e+01,7.042852868857316467e-10,7.870937397959561854e-10,6.034784978478623749e-10,6.888299615420414883e-10
5.200000000000000000e+01,7.416082991107842144e-10,8.235759563460644310e-10,6.401960684573418551e-10,7.245709554408779871e-10
5.300000000000000000e+01,7.801183290242914526e-10,8.612672937081818120e-10,6.781402908739319784e-10,7.615679818443920998e-10
5.400000000000000000e+01,8.198266204361512324e-10,9.001786924515298057e-10,7.173195035647952404e-10,7.998287493098068376e-10
5.500000000000000000e+01,8.607455541301998369e-10,9.403221803491416741e-10,7.577433566690378552e-10,8.393622223547800785e-10
5.600000000000000000e+01,9.028869380940802137e-10,9.817092039289799734e-10,7.994211269797044532e-10,8.801769875585316369e-10
5.700000000000000000e+01,9.462606948216827025e-10,1.024349338927530186e-09,8.423604098749687978e-10,9.222799742571181248e-10
5.800000000000000000e+01,9.908739155762068583e-10,1.068249354812043088e-09,8.865661662864395064e-10,9.656755145762482929e-10
5.900000000000000000e+01,1.036730230476384055e-09,1.113412586632389262e-09,9.320400792190339309e-10,1.010364702764912680e-09
6.000000000000000000e+01,1.083829436959778057e-09,1.159838560151690857e-09,9.787801660404844529e-10,1.056345004189407210e-09
6.100000000000000000e+01,1.132167331457903272e-09,1.207522817552030665e-09,1.026780593596976062e-09,1.103610064003062960e-09
6.200000000000000000e+01,1.181735695655211054e-09,1.256456896768792506e-09,1.076031648761491383e-09,1.152149670089466589e-09
6.300000000000000000e+01,1.232522396740827467e-09,1.306628424937430176e-09,1.126519824417941851e-09,1.201949831534667610e-09
6.400000000000000000e+01,1.284511569023044179e-09,1.358021293951296811e-09,1.178227988452967232e-09,1.252992940918459268e-09
6.500000000000000000e+01,1.337683851382533198e-09,1.410615892922324391e-09,1.231135610209331120e-09,1.305257995229181722e-09
6.600000000000000000e+01,1.392016661001198659e-09,1.464389378088566007e-09,1.285219024700930919e-09,1.358720855812121192e-09
6.700000000000000000e+01,1.447484488603063166e-09,1.519315965380587452e-09,1.340451719641281618e-09,1.413354532365597587e-09
6.800000000000000000e+01,1.504059204199165865e-09,1.575367234537801766e-09,1.396804634084326203e-09,1.469129479662732028e-09
6.900000000000000000e+01,1.561710365208374706e-09,1.632512436507033711e-09,1.454246460368565797e-09,1.526013898529400245e-09
7.000000000000000000e+01,1.620405521003804860e-09,1.690718798019526292e-09,1.512743943255059795e-09,1.583974034796721341e-09
7.100000000000000000e+01,1.680110509566693946e-09,1.749951818876499078e-09,1.572262171806654540e-09,1.642974471608475471e-09
7.200000000000000000e+01,1.740789743147571147e-09,1.810175558702218056e-09,1.632764860797696373e-09,1.702978411720434341e-09
7.300000000000000000e+01,1.802406480743280115e-09,1.871352910847875526e-09,1.694214619373598031e-09,1.763947947377917759e-09
7.400000000000000000e+01,1.864923085879220405e-09,1.933445861827865193e-09,1.756573205378624113e-09,1.825844316077439210e-09
7.500000000000000000e+01,1.928301268700236753e-09,1.996415735201677122e-09,1.819801764299275416e-09,1.888628141067377637e-09
7.600000000000000000e+01,1.992502311766101381e-09,2.060223419223697695e-09,1.883861052175152143e-09,1.952259655865530620e-09
7.700000000000000000e+01,2.057487279251356027e-09,2.124829577902039786e-09,1.948711642142410453e-09,2.016698912400990761e-09
7.800000000000000000e+01,2.123217209487892705e-09,2.190194845359283248e-09,2.014314114520819311e-09,2.081905972647716154e-09
7.900000000000000000e+01,2.189653290978563098e-09,2.256280003589241718e-09,2.080629230550903283e-09,2.147841083824492053e-09
8.000000000000000000e+01,2.256757022163102461e-09,2.323046143866357912e-09,2.147618090044875835e-09,2.214464837402937297e-09
8.100000000000000000e+01,2.324490355341613323e-09,2.390454812196168532e-09,2.215242273342182602e-09,2.281738312300229783e-09
8.200000000000000000e+01,2.392815825261589590e-09,2.458468139302398964e-09,2.283463968063595824e-09,2.349623202742642417e-09
8.300000000000000000e+01,2.461696662955753625e-09,2.527048955732650695e-09,2.352246081240861423e-09,2.418081931373953308e-09
8.400000000000000000e+01,2.531096895482799267e-09,2.596160892733491428e-09,2.421552337465059372e-09,2.487077748252693622e-09
8.500000000000000000e+01,2.600981432273396941e-09,2.665768469599090782e-09,2.491347363748110773e-09,2.556574816436302392e-09
8.600000000000000000e+01,2.671316138821323053e-09,2.735837168237387243e-09,2.561596761830144928e-09,2.626538284890532180e-09
8.700000000000000000e+01,2.742067898485507133e-09,2.806333495725354807e-09,2.632267168691988042e-09,2.696934349490399515e-09
8.800000000000000000e+01,2.813204663184406553e-09,2.877225035641737379e-09,2.703326306048129644e-09,2.767730302895975463e-09
8.900000000000000000e+01,2.884695493770476325e-09,2.948480488972707076e-09,2.774743019602307781e-09,2.838894574093567747e-09
9.000000000000000000e+01,2.956510590870537802e-09,3.020069705384362421e-09,2.846487308846219500e-09,2.910396758391433397e-09
9.100000000000000000e+01,3.028621316968701435e-09,3.091963705646973116e-09,2.918530348173037572e-09,2.982207638650284447e-09
9.200000000000000000e+01,3.101000210492845219e-09,3.164134695980202656e-09,2.990844500062048235e-09,3.054299198513279585e-09
9.300000000000000000e+01,3.173620992644750892e-09,3.236556075067428691e-09,3.063403321070061409e-09,3.126644628379195856e-09
9.400000000000000000e+01,3.246458567688320957e-09,3.309202434461313411e-09,3.136181561339848690e-09,3.199218324836669802e-09
9.500000000000000000e+01,3.319489017381086064e-09,3.382049553073171791e-09,3.209155158306850268e-09,3.271995884247897240e-09
9.600000000000000000e+01,3.392689590201881938e-09,3.455074386405942895e-09,3.282301225253321690e-09,3.344954091137617706e-09
9.700000000000000000e+01,3.466038685993101453e-09,3.528255051155608589e-09,3.355598035324799816e-09,3.418070902008394365e-09
9.800000000000000000e+01,3.539515836599868583e-09,3.601570805769402637e-09,3.429025001587950777e-09,3.491325425166863803e-09
9.900000000000000000e+01,3.613101683051410034e-09,3.675002027511575991e-09,3.502562653671966375e-09,3.564697897108226682e-09
1.000000000000000000e+02,3.686777949792462999e-09,3.748530186549603326e-09,3.576192611498446032e-09,3.638169655968537791e-09
1.010000000000000000e+02,3.760527416435084953e-09,3.822137817535760304e-09,3.649897556567410012e-09,3.711723112516584185e-09
1.020000000000000000e+02,3.834333887464243600e-09,3.895808489121611227e-09,3.723661201230274319e-09,3.785341719119891295e-09
1.030000000000000000e+02,3.908182160294349892e-09,3.969526771806286516e-09,3.797468256344576606e-09,3.859009937082947607e-09
1.040000000000000000e+02,3.982057992038724903e-09,4.043278204483895843e-09,3.871304397670225763e-09,3.932713202720330626e-09
1.050000000000000000e+02,4.055948065320185695e-09,4.117049260021233289e-09,3.945156231333385793e-09,4.006437892493409792e-09
1.060000000000000000e+02,4.129839953418501584e-09,4.190827310164179949e-09,4.019011258651843242e-09,4.080171287506713999e-09
1.070000000000000000e+02,4.203722085019802827e-09,4.264600590040216569e-09,4.092857840585125400e-09,4.153901537629176837e-09
1.080000000000000000e+02,4.277583708803931381e-09,4.338358162495101367e-09,4.166685162043712409e-09,4.227617625476278183e-09
1.090000000000000000e+02,4.351414858078510835e-09,4.412089882474266055e-09,4.240483196264582643e-09,4.301309330461764913e-09
1.100000000000000000e+02,4.425206315643046990e-09,4.485786361633821496e-09,4.314242669434940399e-09,4.374967193102000020e-09
1.110000000000000000e+02,4.498949579042744668e-09,4.559438933342196087e-09,4.387955025722521047e-09,4.448582479732375889e-09
1.120000000000000000e+02,4.572636826349882930e-09,4.633039618211394725e-09,4.461612392849061864e-09,4.522147147773225307e-09
1.130000000000000000e+02,4.646260882590517746e-09,4.706581090276649926e-09,4.535207548323563538e-09,4.595653811662531041e-09
1.140000000000000000e+02,4.719815186915877993e-09,4.780056643924648225e-09,4.608733886433661067e-09,4.669095709554339957e-09
1.150000000000000000e+02,4.793293760601074409e-09,4.853460161653635579e-09,4.682185386076751712e-09,4.742466670864934703e-09
1.160000000000000000e+02,4.866691175938595467e-09,4.926786082733453918e-09,4.755556579497417603e-09,4.815761084733643809e-09
1.170000000000000000e+02,4.940002526080309750e-09,5.000029372819681729e-09,4.828842521984068491e-09,4.888973869451456414e-09
1.180000000000000000e+02,5.013223395869475298e-09,5.073185494563746418e-09,4.902038762565482077e-09,4.962100442898250567e-09
1.190000000000000000e+02,5.086349833693161449e-09,5.146250379249691065e-09,4.975141315736965825e-09,5.035136694018472352e-09
1.200000000000000000e+02,5.159378324375871865e-09,5.219220399478579482e-09,5.048146634236249032e-09,5.108078955355372923e-09
1.210000000000000000e+02,5.232305763126418286e-09,5.292092342912751250e-09,5.121051582880535941e-09,5.180923976655223518e-09
1.220000000000000000e+02,5.305129430542552319e-09,5.364863387084500214e-09,5.193853413468671367e-09,5.253668899545367242e-09
1.230000000000000000e+02,5.377846968671336943e-09,5.437531075267198643e-09,5.266549740745861992e-09,5.326311233283464783e-09
1.240000000000000000e+02,5.450456358117389589e-09,5.510093293400994777e-09,5.339138519422605448e-09,5.398848831569424028e-09
1.250000000000000000e+02,5.522955896186324378e-09,5.582548248060384901e-09,5.411618022234705603e-09,5.471279870406738140e-09
1.260000000000000000e+02,5.595344176046493409e-09,5.654894445446651424e-09,5.483986819027049589e-09,5.543602826995704167e-09
1.270000000000000000e+02,5.667620066888618048e-09,5.727130671384711655e-09,5.556243756840360347e-09,5.615816459637558096e-09
1.280000000000000000e+02,5.739782695059997804e-09,5.799255972300908471e-09,5.628387940977244167e-09,5.687919788625591058e-09
1.290000000000000000e+02,5.811831426147573946e-09,5.871269637155900951e-09,5.700418717021496046e-09,5.759912078097017624e-09
1.300000000000000000e+02,5.883765847982263875e-09,5.943171180304933666e-09,5.772335653782757949e-09,5.831792818817433159e-09
1.310000000000000000e+02,5.955585754535453629e-09,6.014960325256187534e-09,5.844138527137133598e-09,5.903561711868227324e-09
1.320000000000000000e+02,6.027291130677487852e-09,6.086636989296908490e-09,5.915827304733354318e-09,5.975218653206315788e-09
1.330000000000000000e+02,6.098882137767177677e-09,6.158201268956151590e-09,5.987402131533249162e-09,6.046763719064696893e-09
1.340000000000000000e+02,6.170359100040915975e-09,6.229653426272548040e-09,6.058863316154897044e-09,6.118197152161950421e-09
1.350000000000000000e+02,6.241722491769733025e-09,6.300993875835251174e-09,6.130211317986584648e-09,6.189519348688602068e-09
1.360000000000000000e+02,6.312972925152609104e-09,6.372223172566197571e-09,6.201446735039689736e-09,6.260730846038182899e-09
1.370000000000000000e+02,6.384111138914617754e-09,6.443342000212072585e-09,6.272570292508871711e-09,6.331832311251182842e-09
1.380000000000000000e+02,6.455137987578709216e-09,6.514351160514612785e-09,6.343582832008246586e-09,6.402824530140316445e-09
1.390000000000000000e+02,6.526054431380515127e-09,6.585251563028436128e-09,6.414485301452723952e-09,6.473708397066056003e-09
1.400000000000000000e+02,6.596861526796105629e-09,6.656044215556168080e-09,6.485278745554337836e-09,6.544484905332063756e-09
1.410000000000000000e+02,6.667560417653340600e-09,6.726730215171331666e-09,6.555964296904050218e-09,6.615155138170776926e-09
1.420000000000000000e+02,6.738152326798187934e-09,6.797310739800179179e-09,6.626543167610288454e-09,6.685720260290198396e-09
1.430000000000000000e+02,6.808638548288260281e-09,6.867787040334592043e-09,6.697016641466352195e-09,6.756181509953845013e-09
1.440000000000000000e+02,6.879020440086638884e-09,6.938160433248921437e-09,6.767386066619643506e-09,6.826540191566595399e-09
1.450000000000000000e+02,6.949299417229995345e-09,7.008432293694644008e-09,6.837652848716644931e-09,6.896797668740206582e-09
1.460000000000000000e+02,7.019476945445955173e-09,7.078604049047611113e-09,6.907818444498479398e-09,6.966955357813116553e-09
1.470000000000000000e+02,7.089554535195546971e-09,7.148677172883606392e-09,6.977884355822822159e-09,7.037014721800165680e-09
1.480000000000000000e+02,7.159533736117610115e-09,7.218653179358910817e-09,7.047852124088957410e-09,7.106977264748840995e-09
1.490000000000000000e+02,7.229416131852906460e-09,7.288533617973528943e-09,7.117723325043637427e-09,7.176844526479569688e-09
1.500000000000000000e+02,7.299203335226693242e-09,7.358320068695651548e-09,7.187499563946447631e-09,7.246618077688571652e-09
1.510000000000000000e+02,7.368896983769395307e-09,7.428014137426915854e-09,7.257182471074239607e-09,7.316299515392742114e-09
1.520000000000000000e+02,7.438498735555985062e-09,7.497617451788897209e-09,7.326773697545184225e-09,7.385890458696923771e-09
1.530000000000000000e+02,7.508010265345554545e-09,7.567131657212251263e-09,7.396274911443873841e-09,7.455392544864913860e-09
1.540000000000000000e+02,7.577433261003435024e-09,7.636558413310709848e-09,7.465687794229771903e-09,7.524807425676325821e-09
1.550000000000000000e+02,7.646769420189119496e-09,7.705899390523101581e-09,7.535014037412214902e-09,7.594136764052443476e-09
1.560000000000000000e+02,7.716020447293991262e-09,7.775156267007277905e-09,7.604255339475947462e-09,7.663382230934888904e-09
1.570000000000000000e+02,7.785188050613815448e-09,7.844330725770833653e-09,7.673413403042050716e-09,7.732545502401878919e-09
1.580000000000000000e+02,7.854273939741538509e-09,7.913424452024031476e-09,7.742489932249836251e-09,7.801628257007517566e-09
1.590000000000000000e+02,7.923279823166864684e-09,7.982439130741346194e-09,7.811486630346087777e-09,7.870632173330438104e-09
1.600000000000000000e+02,7.992207406069672301e-09,8.051376444418581105e-09,7.880405197468691879e-09,7.939558927718693589e-09
1.610000000000000000e+02,8.061058388295115348e-09,8.120238071013332189e-09,7.949247328612480130e-09,8.008410192218678599e-09
1.620000000000000000e+02,8.129834462498851266e-09,8.189025682057156812e-09,8.018014711765688772e-09,8.077187632676354339e-09
1.630000000000000000e+02,8.198537312451519226e-09,8.257740940928504978e-09,8.086709026206120514e-09,8.145892906999810354e-09
1.640000000000000000e+02,8.267168611492173764e-09,8.326385501276025399e-09,8.155331940946696796e-09,8.214527663572775131e-09
1.650000000000000000e+02,8.335730021120954433e-09,8.394961005582497238e-09,8.223885113320659652e-09,8.283093539809208967e-09
1.660000000000000000e+02,8.404223189721877581e-09,8.463469083860149555e-09,8.292370187697279510e-09,8.351592160839853651e-09
1.670000000000000000e+02,8.472649751407041689e-09,8.531911352468671501e-09,8.360788794319322320e-09,8.420025138321833540e-09
1.680000000000000000e+02,8.541011324974202787e-09,8.600289413047744012e-09,8.429142548254260646e-09,8.488394069363282710e-09
1.690000000000000000e+02,8.609309512970002338e-09,8.668604851556370436e-09,8.497433048451423419e-09,8.556700535555118466e-09
1.700000000000000000e+02,8.677545900851664352e-09,8.736859237411723620e-09,8.565661876897954075e-09,8.624946102102774674e-09
1.710000000000000000e+02,8.745722056240403672e-09,8.805054122720741438e-09,8.633830597866732984e-09,8.693132317050978012e-09
1.720000000000000000e+02,8.813839528260128163e-09,8.873191041597987339e-09,8.701940757249899825e-09,8.761260710595174707e-09
1.730000000000000000e+02,8.881899846955503915e-09,8.941271509563782152e-09,8.769993881971959024e-09,8.829332794473536239e-09
1.740000000000000000e+02,8.949904522783715623e-09,9.009297023016936001e-09,8.837991479476854974e-09,8.897350061433856327e-09
1.750000000000000000e+02,9.017855046174649692e-09,9.077269058776726821e-09,8.905935037283675135e-09,8.965313984770000569e-09
1.760000000000000000e+02,9.085752887154616392e-09,9.145189073689220287e-09,8.973826022606125445e-09,9.033226017922953921e-09
1.770000000000000000e+02,9.153599495028813424e-09,9.213058504293097123e-09,9.041665882030935730e-09,9.101087594141640252e-09
1.780000000000000000e+02,9.221396298118346998e-09,9.280878766540764188e-09,9.109456041251027786e-09,9.168900126199252332e-09
1.790000000000000000e+02,9.289144703547598446e-09,9.348651255570504276e-09,9.177197904849215918e-09,9.236665006160871985e-09
1.800000000000000000e+02,9.356846097078184253e-09,9.416377345525872802e-09,9.244892856128656421e-09,9.304383605198534008e-09
1.810000000000000000e+02,9.424501842985888128e-09,9.484058389418695192e-09,9.312542256986447767e-09,9.372057273450104198e-09
1.820000000000000000e+02,9.492113283977236527e-09,9.551695719032324797e-09,9.380147447827028099e-09,9.439687339918613121e-09
1.830000000000000000e+02,9.559681741142556160e-09,9.619290644861932037e-09,9.447709747512198641e-09,9.507275112408794823e-09
1.840000000000000000e+02,9.627208513942623287e-09,9.686844456088937899e-09,9.515230453344881171e-09,9.574821877497965102e-09
1.850000000000000000e+02,9.694694880226087459e-09,9.754358420586746302e-09,9.582710841083778974e-09,9.642328900538332655e-09
1.860000000000000000e+02,9.762142096275219563e-09,9.821833784955298739e-09,9.650152164986492806e-09,9.709797425688317789e-09
1.870000000000000000e+02,9.829551396877464602e-09,9.889271774581890248e-09,9.717555657878555728e-09,9.777228675970261504e-09
1.880000000000000000e+02,9.896923995420655147e-09,9.956673593726114246e-09,9.784922531246249395e-09,9.844623853352423906e-09
1.890000000000000000e+02,9.964261084009769530e-09,1.002404042562676735e-08,9.852253975351056069e-09,9.911984138853043529e-09
1.900000000000000000e+02,1.003156383360329092e-08,1.009137343262878851e-08,9.919551159363835588e-09,9.979310692664594754e-09
1.910000000000000000e+02,1.009883339416735078e-08,1.015867375632834651e-08,9.986815231516872746e-09,1.004660465429628621e-08
1.920000000000000000e+02,1.016607089484598082e-08,1.022594251773442138e-08,1.005404731927211424e-08,1.011386714273319212e-08
1.930000000000000000e+02,1.023327744414588364e-08,1.029318081744527517e-08,1.012124852950403185e-08,1.018109925661034572e-08
1.940000000000000000e+02,1.030045413013428277e-08,1.036038973583831963e-08,1.018841994869563776e-08,1.024830207440036861e-08
1.950000000000000000e+02,1.036760202064845248e-08,1.042757033327200621e-08,1.025556264314625743e-08,1.031547665461320013e-08
1.960000000000000000e+02,1.043472216351569651e-08,1.049472365029845943e-08,1.032267765918983251e-08,1.038262403600668269e-08
1.970000000000000000e+02,1.050181558678259956e-08,1.056185070788570561e-08,1.038976602342255599e-08,1.044974523780678532e-08
1.980000000000000000e+02,1.056888329895241486e-08,1.062895250764828912e-08,1.045682874293873608e-08,1.051684125993637211e-08
1.990000000000000000e+02,1.063592628922962014e-08,1.069603003208534989e-08,1.052386680557385997e-08,1.058391308325144161e-08
2.000000000000000000e+02,1.070294552777071380e-08,1.076308424482519751e-08,1.059088118015398548e-08,1.065096166978397557e-08
2.010000000000000000e+02,1.076994196594029684e-08,1.083011609087541267e-08,1.065787281675047295e-08,1.071798796299038585e-08
2.020000000000000000e+02,1.083691653657175051e-08,1.089712649687778083e-08,1.072484264693935602e-08,1.078499288800485344e-08
2.030000000000000000e+02,1.090387015423165124e-08,1.096411637136719156e-08,1.079179158406451574e-08,1.085197735189670733e-08
2.040000000000000000e+02,1.097080371548734701e-08,1.103108660503391759e-08,1.085872052350406255e-08,1.091894224393123458e-08
2.050000000000000000e+02,1.103771809917694746e-08,1.109803807098851284e-08,1.092563034293918314e-08,1.098588843583318031e-08
2.060000000000000000e+02,1.110461416668120822e-08,1.116497162502879319e-08,1.099252190262492469e-08,1.105281678205239849e-08
2.070000000000000000e+02,1.117149276219677183e-08,1.123188810590838567e-08,1.105939604566237702e-08,1.111972812003107916e-08
2.080000000000000000e+02,1.123835471301022922e-08,1.129878833560624868e-08,1.112625359827172318e-08,1.118662327047205944e-08
2.090000000000000000e+02,1.130520082977255674e-08,1.136567311959677462e-08,1.119309537006571040e-08,1.125350303760772167e-08
2.100000000000000000e+02,1.137203190677355813e-08,1.143254324712002646e-08,1.125992215432315069e-08,1.132036820946910178e-08
2.110000000000000000e+02,1.143884872221581517e-08,1.149939949145167656e-08,1.132673472826197319e-08,1.138721955815471804e-08
2.120000000000000000e+02,1.150565203848794347e-08,1.156624261017238300e-08,1.139353385331162299e-08,1.145405784009889351e-08
2.130000000000000000e+02,1.157244260243668363e-08,1.163307334543614188e-08,1.146032027538432183e-08,1.152088379633912071e-08
2.140000000000000000e+02,1.163922114563766225e-08,1.169989242423746827e-08,1.152709472514502669e-08,1.158769815278224002e-08
2.150000000000000000e+02,1.170598838466444567e-08,1.176670055867699071e-08,1.159385791827972753e-08,1.165450162046912102e-08
2.160000000000000000e+02,1.177274502135574246e-08,1.183349844622532180e-08,1.166061055576190201e-08,1.172129489583761648e-08
2.170000000000000000e+02,1.183949174308046188e-08,1.190028676998491217e-08,1.172735332411686916e-08,1.178807866098356275e-08
2.180000000000000000e+02,1.190622922300045621e-08,1.196706619894969584e-08,1.179408689568385346e-08,1.185485358391960121e-08
2.190000000000000000e+02,1.197295812033080967e-08,1.203383738826241783e-08,1.186081192887561363e-08,1.192162031883168536e-08
2.200000000000000000e+02,1.203967908059743075e-08,1.210060097946934625e-08,1.192752906843539310e-08,1.198837950633302853e-08
2.210000000000000000e+02,1.210639273589187346e-08,1.216735760077232418e-08,1.199423894569115230e-08,1.205513177371544276e-08
2.220000000000000000e+02,1.217309970512324692e-08,1.223410786727803055e-08,1.206094217880687604e-08,1.212187773519784367e-08
2.230000000000000000e+02,1.223980059426708254e-08,1.230085238124426165e-08,1.212763937303087992e-08,1.218861799217185698e-08
2.240000000000000000e+02,1.230649599661108447e-08,1.236759173232320494e-08,1.219433112094101973e-08,1.225535313344445696e-08
2.250000000000000000e+02,1.237318649299766390e-08,1.243432649780158940e-08,1.226101800268669638e-08,1.232208373547744193e-08
2.260000000000000000e+02,1.243987265206316297e-08,1.250105724283758680e-08,1.232770058622757693e-08,1.238881036262374649e-08
2.270000000000000000e+02,1.250655503047378493e-08,1.256778452069453980e-08,1.239437942756903995e-08,1.245553356736056250e-08
2.280000000000000000e+02,1.257323417315808643e-08,1.263450887297127884e-08,1.246105507099418646e-08,1.252225389051908521e-08
2.290000000000000000e+02,1.263991061353601231e-08,1.270123082982909225e-08,1.252772804929244285e-08,1.258897186151095398e-08
2.300000000000000000e+02,1.270658487374451569e-08,1.276795091021535447e-08,1.259439888398471454e-08,1.265568799855130973e-08
2.310000000000000000e+02,1.277325746485957986e-08,1.283466962208359751e-08,1.266106808554501405e-08,1.272240280887839658e-08
2.320000000000000000e+02,1.283992888711482231e-08,1.290138746261025539e-08,1.272773615361863823e-08,1.278911678896977524e-08
2.330000000000000000e+02,1.290659963011649214e-08,1.296810491840785177e-08,1.279440357723677857e-08,1.285583042475506064e-08
2.340000000000000000e+02,1.297327017305493056e-08,1.303482246573472001e-08,1.286107083502760780e-08,1.292254419182516717e-08
2.350000000000000000e+02,1.303994098491253567e-08,1.310154057070128712e-08,1.292773839542386415e-08,1.298925855563814105e-08
2.360000000000000000e+02,1.310661252466813066e-08,1.316825968947279421e-08,1.299440671686688373e-08,1.305597397172148037e-08
2.370000000000000000e+02,1.317328524149784625e-08,1.323498026846863050e-08,1.306107624800712730e-08,1.312269088587102740e-08
2.380000000000000000e+02,1.323995957497248603e-08,1.330170274455815508e-08,1.312774742790121470e-08,1.318940973434638671e-08
2.390000000000000000e+02,1.330663595525135304e-08,1.336842754525306437e-08,1.319442068620544045e-08,1.325613094406292697e-08
2.400000000000000000e+02,1.337331480327264361e-08,1.343515508889634668e-08,1.326109644336585820e-08,1.332285493278035835e-08
2.410000000000000000e+02,1.343999653094039017e-08,1.350188578484786674e-08,1.332777511080491084e-08,1.338958210928792497e-08
2.420000000000000000e+02,1.350668154130795470e-08,1.356862003366650594e-08,1.339445709110465767e-08,1.345631287358624072e-08
2.430000000000000000e+02,1.357337022875812255e-08,1.363535822728897895e-08,1.346114277818656541e-08,1.352304761706573363e-08
2.440000000000000000e+02,1.364006297917987419e-08,1.370210074920535147e-08,1.352783255748803512e-08,1.358978672268185431e-08
2.450000000000000000e+02,1.370676017014178875e-08,1.376884797463123776e-08,1.359452680613551956e-08,1.365653056512694754e-08
2.460000000000000000e+02,1.377346217106219841e-08,1.383560027067677047e-08,1.366122589311444096e-08,1.372327951099892924e-08
2.470000000000000000e+02,1.384016934337602739e-08,1.390235799651233619e-08,1.372793017943578191e-08,1.379003391896670612e-08
2.480000000000000000e+02,1.390688204069847942e-08,1.396912150353112806e-08,1.379464001829953289e-08,1.385679413993246186e-08
2.490000000000000000e+02,1.397360060898553395e-08,1.403589113550860627e-08,1.386135575525496023e-08,1.392356051719082483e-08
2.500000000000000000e+02,1.404032538669128250e-08,1.410266722875878398e-08,1.392807772835772737e-08,1.399033338658490421e-08
2.510000000000000000e+02,1.410705670492222433e-08,1.416945011228753695e-08,1.399480626832395725e-08,1.405711307665931336e-08
2.520000000000000000e+02,1.417379488758847837e-08,1.423624010794284433e-08,1.406154169868126229e-08,1.412389990881019231e-08
2.530000000000000000e+02,1.424054025155203547e-08,1.430303753056209965e-08,1.412828433591676998e-08,1.419069419743223082e-08
2.540000000000000000e+02,1.430729310677200471e-08,1.436984268811644385e-08,1.419503448962219051e-08,1.425749625006281783e-08
2.550000000000000000e+02,1.437405375644701423e-08,1.443665588185228933e-08,1.426179246263602074e-08,1.432430636752329913e-08
2.560000000000000000e+02,1.444082249715470026e-08,1.450347740642995371e-08,1.432855855118284796e-08,1.439112484405739110e-08
2.570000000000000000e+02,1.450759961898839553e-08,1.457030755005950940e-08,1.439533304500986452e-08,1.445795196746684166e-08
2.580000000000000000e+02,1.457438540569105632e-08,1.463714659463391498e-08,1.446211622752062295e-08,1.452478801924432017e-08
2.590000000000000000e+02,1.464118013478646661e-08,1.470399481585943347e-08,1.452890837590606793e-08,1.459163327470365862e-08
2.600000000000000000e+02,1.470798407770775544e-08,1.477085248338338378e-08,1.459570976127289656e-08,1.465848800310740457e-08
2.610000000000000000e+02,1.477479749992327561e-08,1.483771986091929309e-08,1.466252064876927493e-08,1.472535246779177008e-08
2.620000000000000000e+02,1.484162066105993964e-08,1.490459720636951978e-08,1.472934129770802183e-08,1.479222692628906933e-08
2.630000000000000000e+02,1.490845381502396164e-08,1.497148477194528399e-08,1.479617196168720344e-08,1.485911163044759033e-08
2.640000000000000000e+02,1.497529721011915077e-08,1.503838280428430753e-08,1.486301288870828943e-08,1.492600682654904961e-08
2.650000000000000000e+02,1.504215108916275291e-08,1.510529154456598393e-08,1.492986432129184083e-08,1.499291275542359345e-08
2.660000000000000000e+02,1.510901568959885218e-08,1.517221122862415459e-08,1.499672649659078740e-08,1.505982965256240369e-08
2.670000000000000000e+02,1.517589124360949271e-08,1.523914208705760686e-08,1.506359964650141051e-08,1.512675774822805184e-08
2.680000000000000000e+02,1.524277797822338672e-08,1.530608434533818324e-08,1.513048399777193203e-08,1.519369726756245115e-08
2.690000000000000000e+02,1.530967611542245869e-08,1.537303822391673993e-08,1.519737977210892790e-08,1.526064843069265960e-08
2.700000000000000000e+02,1.537658587224610985e-08,1.544000393832684545e-08,1.526428718628146345e-08,1.532761145283442310e-08
2.710000000000000000e+02,1.544350746089327897e-08,1.550698169928629230e-08,1.533120645222306500e-08,1.539458654439358448e-08
2.720000000000000000e+02,1.551044108882245851e-08,1.557397171279656376e-08,1.539813777713158369e-08,1.546157391106536173e-08
2.730000000000000000e+02,1.557738695884947719e-08,1.564097418024012352e-08,1.546508136356689873e-08,1.552857375393153178e-08
2.740000000000000000e+02,1.564434526924338025e-08,1.570798929847574998e-08,1.553203740954668507e-08,1.559558626955566550e-08
2.750000000000000000e+02,1.571131621382017541e-08,1.577501725993181238e-08,1.559900610864002711e-08,1.566261165007620532e-08
2.760000000000000000e+02,1.577829998203466321e-08,1.584205825269763124e-08,1.566598765005919271e-08,1.572965008329776945e-08
2.770000000000000000e+02,1.584529675907032831e-08,1.590911246061286027e-08,1.573298221874938558e-08,1.579670175278038812e-08
2.780000000000000000e+02,1.591230672592733504e-08,1.597618006335508799e-08,1.579998999547666472e-08,1.586376683792697299e-08
2.790000000000000000e+02,1.597933005950865340e-08,1.604326123652545433e-08,1.586701115691397441e-08,1.593084551406886742e-08
2.800000000000000000e+02,1.604636693270439510e-08,1.611035615173260941e-08,1.593404587572538769e-08,1.599793795254964986e-08
2.810000000000000000e+02,1.611341751447433640e-08,1.617746497667478971e-08,1.600109432064854312e-08,1.606504432080713057e-08
2.820000000000000000e+02,1.618048196992874690e-08,1.624458787522024985e-08,1.606815665657537763e-08,1.613216478245366093e-08
2.830000000000000000e+02,1.624756046040744815e-08,1.631172500748590755e-08,1.613523304463111564e-08,1.619929949735470901e-08
2.840000000000000000e+02,1.631465314355724766e-08,1.637887652991441044e-08,1.620232364225161378e-08,1.626644862170578732e-08
2.850000000000000000e+02,1.638176017340774510e-08,1.644604259534954511e-08,1.626942860325908427e-08,1.633361230810780239e-08
2.860000000000000000e+02,1.644888170044548401e-08,1.651322335311003823e-08,1.633654807793618058e-08,1.640079070564074663e-08
2.870000000000000000e+02,1.651601787168657829e-08,1.658041894906181897e-08,1.640368221309853780e-08,1.646798395993585824e-08
2.880000000000000000e+02,1.658316883074781996e-08,1.664762952568876950e-08,1.647083115216580765e-08,1.653519221324630875e-08
2.890000000000000000e+02,1.665033471791620534e-08,1.671485522216191689e-08,1.653799503523112510e-08,1.660241560451630573e-08
2.900000000000000000e+02,1.671751567021709141e-08,1.678209617440726202e-08,1.660517399912918529e-08,1.666965426944881897e-08
2.910000000000000000e+02,1.678471182148084342e-08,1.684935251517209293e-08,1.667236817750281840e-08,1.673690834057183110e-08
2.920000000000000000e+02,1.685192330240808951e-08,1.691662437408993506e-08,1.673957770086819130e-08,1.680417794730319510e-08
2.930000000000000000e+02,1.691915024063362208e-08,1.698391187774412837e-08,1.680680269667863610e-08,1.687146321601415851e-08
2.940000000000000000e+02,1.698639276078891937e-08,1.705121514973008423e-08,1.687404328938711226e-08,1.693876427009150451e-08
2.950000000000000000e+02,1.705365098456336019e-08,1.711853431071614940e-08,1.694129960050736497e-08,1.700608122999839937e-08
2.960000000000000000e+02,1.712092503076413490e-08,1.718586947850329866e-08,1.700857174867375678e-08,1.707341421333393618e-08
2.970000000000000000e+02,1.718821501537493227e-08,1.725322076808348417e-08,1.707585984969992799e-08,1.714076333489150402e-08
2.980000000000000000e+02,1.725552105161332263e-08,1.732058829169678037e-08,1.714316401663609043e-08,1.720812870671580061e-08
2.990000000000000000e+02,1.732284324998700946e-08,1.738797215888736431e-08,1.721048435982525922e-08,1.727551043815876951e-08
3.000000000000000000e+02,1.739018171834882696e-08,1.745537247655825508e-08,1.727782098695815111e-08,1.734290863593426685e-08
